"pricingdate","priceclose"
2007-06-25 00:00:00,20.450000
2007-06-26 00:00:00,20.400000
2007-06-27 00:00:00,20.110000
2007-06-28 00:00:00,20.000000
2007-06-29 00:00:00,20.200000
2007-07-02 00:00:00,20.400000
2007-07-03 00:00:00,20.750000
2007-07-04 00:00:00,20.700000
2007-07-05 00:00:00,20.900000
2007-07-06 00:00:00,20.850000
2007-07-09 00:00:00,21.000000
2007-07-10 00:00:00,20.500000
2007-07-11 00:00:00,20.600000
2007-07-12 00:00:00,20.856700
2007-07-13 00:00:00,21.310000
2007-07-16 00:00:00,21.000000
2007-07-17 00:00:00,21.005900
2007-07-18 00:00:00,21.110000
2007-07-19 00:00:00,21.500000
2007-07-20 00:00:00,21.750000
2007-07-23 00:00:00,21.650000
2007-07-24 00:00:00,21.550000
2007-07-25 00:00:00,21.400000
2007-07-26 00:00:00,21.000000
2007-07-27 00:00:00,20.680000
2007-07-30 00:00:00,20.700000
2007-07-31 00:00:00,20.980000
2007-08-01 00:00:00,20.280000
2007-08-02 00:00:00,20.600000
2007-08-03 00:00:00,20.600000
2007-08-06 00:00:00,20.300000
2007-08-07 00:00:00,20.270000
2007-08-08 00:00:00,20.650000
2007-08-09 00:00:00,20.050000
2007-08-10 00:00:00,19.320000
2007-08-13 00:00:00,19.750000
2007-08-14 00:00:00,19.260000
2007-08-15 00:00:00,18.750000
2007-08-16 00:00:00,18.000000
2007-08-17 00:00:00,18.000000
2007-08-20 00:00:00,18.020000
2007-08-21 00:00:00,17.990900
2007-08-22 00:00:00,18.390000
2007-08-23 00:00:00,18.150000
2007-08-24 00:00:00,18.250000
2007-08-28 00:00:00,18.500000
2007-08-30 00:00:00,18.500000
2007-08-31 00:00:00,19.000000
2007-09-04 00:00:00,18.875000
2007-09-05 00:00:00,18.690000
2007-09-07 00:00:00,18.350000
2007-09-10 00:00:00,18.500000
2007-09-11 00:00:00,18.500000
2007-09-12 00:00:00,18.700000
2007-09-13 00:00:00,18.900000
2007-09-14 00:00:00,18.900000
2007-09-17 00:00:00,19.000000
2007-09-18 00:00:00,19.250000
2007-09-19 00:00:00,20.000000
2007-09-20 00:00:00,20.250000
2007-09-21 00:00:00,20.000000
2007-09-24 00:00:00,20.500000
2007-09-25 00:00:00,20.400000
2007-09-26 00:00:00,20.500000
2007-09-27 00:00:00,20.950000
2007-09-28 00:00:00,20.650000
2007-10-01 00:00:00,20.950000
2007-10-02 00:00:00,21.000000
2007-10-03 00:00:00,21.172200
2007-10-04 00:00:00,20.700000
2007-10-05 00:00:00,21.340000
2007-10-08 00:00:00,21.270000
2007-10-09 00:00:00,22.542600
2007-10-10 00:00:00,22.500000
2007-10-11 00:00:00,22.660000
2007-10-12 00:00:00,23.240000
2007-10-15 00:00:00,23.600000
2007-10-16 00:00:00,23.265000
2007-10-17 00:00:00,23.400000
2007-10-18 00:00:00,23.087000
2007-10-19 00:00:00,23.190000
2007-10-22 00:00:00,23.700000
2007-10-23 00:00:00,23.530000
2007-10-24 00:00:00,23.890000
2007-10-25 00:00:00,23.500000
2007-10-26 00:00:00,23.952000
2007-10-29 00:00:00,24.300000
2007-10-30 00:00:00,24.280000
2007-10-31 00:00:00,24.350000
2007-11-01 00:00:00,24.400000
2007-11-02 00:00:00,25.000000
2007-11-05 00:00:00,25.000000
2007-11-06 00:00:00,25.500000
2007-11-07 00:00:00,25.700000
2007-11-08 00:00:00,25.700000
2007-11-09 00:00:00,25.900000
2007-11-12 00:00:00,25.787100
2007-11-13 00:00:00,25.510000
2007-11-14 00:00:00,26.010000
2007-11-15 00:00:00,26.060000
2007-11-16 00:00:00,25.500000
2007-11-19 00:00:00,25.600000
2007-11-20 00:00:00,25.600000
2007-11-21 00:00:00,25.350000
2007-11-22 00:00:00,25.554000
2007-11-23 00:00:00,25.500000
2007-11-26 00:00:00,25.660000
2007-11-27 00:00:00,25.600000
2007-11-28 00:00:00,26.000000
2007-11-29 00:00:00,26.000000
2007-11-30 00:00:00,26.753400
2007-12-03 00:00:00,27.577300
2007-12-04 00:00:00,27.500000
2007-12-05 00:00:00,27.810000
2007-12-06 00:00:00,28.000000
2007-12-07 00:00:00,28.792400
2007-12-10 00:00:00,29.250000
2007-12-11 00:00:00,29.950000
2007-12-12 00:00:00,30.527100
2007-12-13 00:00:00,31.130000
2007-12-14 00:00:00,30.100000
2007-12-17 00:00:00,29.710000
2007-12-18 00:00:00,30.950000
2007-12-19 00:00:00,31.850000
2007-12-20 00:00:00,32.000000
2007-12-21 00:00:00,32.100000
2007-12-24 00:00:00,32.100000
2007-12-27 00:00:00,30.900000
2007-12-28 00:00:00,31.429500
2008-01-02 00:00:00,31.400000
2008-01-03 00:00:00,32.980000
2008-01-04 00:00:00,31.950000
2008-01-07 00:00:00,31.700000
2008-01-08 00:00:00,32.000000
2008-01-09 00:00:00,31.700000
2008-01-10 00:00:00,32.289900
2008-01-11 00:00:00,31.750000
2008-01-14 00:00:00,31.650000
2008-01-15 00:00:00,31.064200
2008-01-16 00:00:00,29.210000
2008-01-17 00:00:00,27.880000
2008-01-18 00:00:00,28.505700
2008-01-21 00:00:00,26.400000
2008-01-22 00:00:00,25.900000
2008-01-23 00:00:00,25.100000
2008-01-24 00:00:00,26.900000
2008-01-25 00:00:00,28.700000
2008-01-28 00:00:00,27.850000
2008-01-29 00:00:00,28.800000
2008-01-30 00:00:00,28.890000
2008-01-31 00:00:00,26.630000
2008-02-01 00:00:00,28.100000
2008-02-04 00:00:00,26.800000
2008-02-05 00:00:00,26.650000
2008-02-06 00:00:00,25.970000
2008-02-07 00:00:00,25.100000
2008-02-08 00:00:00,24.500000
2008-02-11 00:00:00,24.760500
2008-02-12 00:00:00,26.100000
2008-02-13 00:00:00,26.300000
2008-02-14 00:00:00,28.300000
2008-02-15 00:00:00,28.300000
2008-02-18 00:00:00,29.250000
2008-02-19 00:00:00,29.000000
2008-02-20 00:00:00,28.500000
2008-02-21 00:00:00,29.290000
2008-02-22 00:00:00,29.250000
2008-02-25 00:00:00,29.400000
2008-02-26 00:00:00,29.650000
2008-02-27 00:00:00,29.740000
2008-02-28 00:00:00,29.550000
2008-02-29 00:00:00,31.500000
2008-03-03 00:00:00,30.000000
2008-03-04 00:00:00,30.200000
2008-03-05 00:00:00,30.400000
2008-03-06 00:00:00,30.400000
2008-03-07 00:00:00,30.000000
2008-03-10 00:00:00,29.400000
2008-03-11 00:00:00,30.500000
2008-03-12 00:00:00,30.600000
2008-03-13 00:00:00,30.010000
2008-03-14 00:00:00,30.412500
2008-03-17 00:00:00,27.512500
2008-03-18 00:00:00,28.750000
2008-03-19 00:00:00,29.085400
2008-03-20 00:00:00,26.400000
2008-03-25 00:00:00,27.370000
2008-03-26 00:00:00,27.500000
2008-03-27 00:00:00,28.764400
2008-03-28 00:00:00,27.736100
2008-03-31 00:00:00,29.500000
2008-04-01 00:00:00,28.460000
2008-04-02 00:00:00,28.500000
2008-04-03 00:00:00,28.520000
2008-04-04 00:00:00,28.500000
2008-04-07 00:00:00,29.200000
2008-04-08 00:00:00,29.014500
2008-04-09 00:00:00,29.250000
2008-04-10 00:00:00,29.300000
2008-04-11 00:00:00,28.700000
2008-04-14 00:00:00,27.765000
2008-04-15 00:00:00,27.960000
2008-04-16 00:00:00,29.400000
2008-04-17 00:00:00,29.390000
2008-04-18 00:00:00,28.750000
2008-04-21 00:00:00,29.570000
2008-04-22 00:00:00,30.000000
2008-04-23 00:00:00,30.450000
2008-04-24 00:00:00,30.737000
2008-04-25 00:00:00,31.000000
2008-04-28 00:00:00,30.750000
2008-04-29 00:00:00,30.600000
2008-04-30 00:00:00,29.500000
2008-05-01 00:00:00,30.050000
2008-05-02 00:00:00,30.000000
2008-05-06 00:00:00,30.900000
2008-05-07 00:00:00,31.000000
2008-05-08 00:00:00,31.740000
2008-05-09 00:00:00,31.600000
2008-05-12 00:00:00,32.000000
2008-05-13 00:00:00,32.000000
2008-05-14 00:00:00,34.180000
2008-05-15 00:00:00,36.500000
2008-05-16 00:00:00,36.950000
2008-05-19 00:00:00,36.250000
2008-05-20 00:00:00,35.410000
2008-05-21 00:00:00,36.000000
2008-05-22 00:00:00,35.700000
2008-05-23 00:00:00,35.830000
2008-05-27 00:00:00,36.900000
2008-05-28 00:00:00,36.730000
2008-05-29 00:00:00,36.750000
2008-05-30 00:00:00,37.070000
2008-06-02 00:00:00,38.000000
2008-06-03 00:00:00,37.900000
2008-06-04 00:00:00,36.250000
2008-06-05 00:00:00,37.400000
2008-06-06 00:00:00,38.500000
2008-06-09 00:00:00,39.920000
2008-06-10 00:00:00,38.800000
2008-06-11 00:00:00,39.500000
2008-06-12 00:00:00,39.260000
2008-06-13 00:00:00,39.000000
2008-06-16 00:00:00,39.740000
2008-06-17 00:00:00,40.000000
2008-06-18 00:00:00,40.200000
2008-06-19 00:00:00,39.760000
2008-06-20 00:00:00,39.400000
2008-06-23 00:00:00,39.600000
2008-06-24 00:00:00,39.020000
2008-06-25 00:00:00,38.400000
2008-06-26 00:00:00,38.800000
2008-06-27 00:00:00,40.000000
2008-06-30 00:00:00,40.050000
2008-07-01 00:00:00,38.500000
2008-07-02 00:00:00,39.480000
2008-07-03 00:00:00,39.060000
2008-07-04 00:00:00,37.770000
2008-07-07 00:00:00,37.730000
2008-07-08 00:00:00,37.100000
2008-07-09 00:00:00,37.450000
2008-07-10 00:00:00,37.250000
2008-07-11 00:00:00,37.250000
2008-07-14 00:00:00,38.700000
2008-07-15 00:00:00,39.500000
2008-07-16 00:00:00,39.480000
2008-07-17 00:00:00,39.290000
2008-07-18 00:00:00,38.450000
2008-07-21 00:00:00,39.000000
2008-07-22 00:00:00,38.800000
2008-07-23 00:00:00,37.750000
2008-07-24 00:00:00,36.300000
2008-07-25 00:00:00,33.380000
2008-07-28 00:00:00,33.800000
2008-07-29 00:00:00,30.800000
2008-07-30 00:00:00,31.000000
2008-07-31 00:00:00,31.540000
2008-08-01 00:00:00,31.100000
2008-08-04 00:00:00,31.500000
2008-08-05 00:00:00,30.600000
2008-08-06 00:00:00,28.800000
2008-08-07 00:00:00,29.100000
2008-08-08 00:00:00,27.750000
2008-08-11 00:00:00,27.110000
2008-08-12 00:00:00,26.900000
2008-08-13 00:00:00,26.500000
2008-08-14 00:00:00,27.710000
2008-08-15 00:00:00,27.500000
2008-08-18 00:00:00,27.400000
2008-08-19 00:00:00,26.520000
2008-08-20 00:00:00,26.400000
2008-08-21 00:00:00,26.150000
2008-08-22 00:00:00,25.420000
2008-08-26 00:00:00,23.310000
2008-08-27 00:00:00,23.200000
2008-08-28 00:00:00,23.110000
2008-08-29 00:00:00,23.050000
2008-09-01 00:00:00,23.720000
2008-09-02 00:00:00,24.000000
2008-09-03 00:00:00,23.000000
2008-09-04 00:00:00,22.470000
2008-09-05 00:00:00,21.510000
2008-09-08 00:00:00,22.000000
2008-09-09 00:00:00,20.250000
2008-09-10 00:00:00,19.080000
2008-09-11 00:00:00,19.870000
2008-09-12 00:00:00,20.950000
2008-09-15 00:00:00,20.400000
2008-09-16 00:00:00,18.600000
2008-09-17 00:00:00,17.650000
2008-09-18 00:00:00,18.200000
2008-09-19 00:00:00,22.000000
2008-09-22 00:00:00,22.510000
2008-09-23 00:00:00,22.750000
2008-09-24 00:00:00,24.250000
2008-09-25 00:00:00,23.250000
2008-09-26 00:00:00,23.250000
2008-09-29 00:00:00,20.300000
2008-09-30 00:00:00,20.500000
2008-10-01 00:00:00,21.500000
2008-10-02 00:00:00,20.000000
2008-10-03 00:00:00,18.940000
2008-10-06 00:00:00,12.200000
2008-10-07 00:00:00,12.850000
2008-10-08 00:00:00,12.790000
2008-10-09 00:00:00,12.350000
2008-10-10 00:00:00,11.120000
2008-10-13 00:00:00,10.500000
2008-10-14 00:00:00,9.010000
2008-10-15 00:00:00,9.570000
2008-10-16 00:00:00,8.440000
2008-10-17 00:00:00,8.200000
2008-10-20 00:00:00,9.000000
2008-10-21 00:00:00,9.250000
2008-10-22 00:00:00,8.460000
2008-10-23 00:00:00,8.690000
2008-10-24 00:00:00,7.850000
2008-10-27 00:00:00,7.420000
2008-10-28 00:00:00,7.900000
2008-10-29 00:00:00,8.690000
2008-10-30 00:00:00,10.960000
2008-10-31 00:00:00,12.000000
2008-11-03 00:00:00,13.700000
2008-11-04 00:00:00,14.500000
2008-11-05 00:00:00,13.090000
2008-11-06 00:00:00,11.620000
2008-11-07 00:00:00,12.160000
2008-11-10 00:00:00,12.910000
2008-11-11 00:00:00,10.800000
2008-11-12 00:00:00,9.050000
2008-11-13 00:00:00,8.990000
2008-11-14 00:00:00,9.000000
2008-11-17 00:00:00,8.950000
2008-11-18 00:00:00,9.100000
2008-11-19 00:00:00,9.000000
2008-11-20 00:00:00,8.000000
2008-11-21 00:00:00,8.400000
2008-11-24 00:00:00,9.200000
2008-11-25 00:00:00,9.360000
2008-11-26 00:00:00,9.500000
2008-11-27 00:00:00,9.750000
2008-11-28 00:00:00,10.000000
2008-12-01 00:00:00,9.150000
2008-12-02 00:00:00,9.400000
2008-12-03 00:00:00,9.400000
2008-12-04 00:00:00,9.370000
2008-12-05 00:00:00,8.950000
2008-12-08 00:00:00,9.180000
2008-12-09 00:00:00,9.100000
2008-12-10 00:00:00,10.060000
2008-12-11 00:00:00,11.250000
2008-12-12 00:00:00,11.150000
2008-12-15 00:00:00,11.840000
2008-12-16 00:00:00,12.000000
2008-12-17 00:00:00,12.100000
2008-12-18 00:00:00,11.130000
2008-12-19 00:00:00,10.630000
2008-12-22 00:00:00,11.590000
2008-12-23 00:00:00,11.310000
2008-12-24 00:00:00,10.970000
2008-12-29 00:00:00,10.850000
2008-12-30 00:00:00,10.500000
2008-12-31 00:00:00,10.340000
2009-01-02 00:00:00,11.200000
2009-01-05 00:00:00,11.400000
2009-01-06 00:00:00,13.260000
2009-01-07 00:00:00,12.050000
2009-01-08 00:00:00,12.350000
2009-01-09 00:00:00,11.760000
2009-01-12 00:00:00,10.630000
2009-01-13 00:00:00,10.500000
2009-01-14 00:00:00,10.300000
2009-01-15 00:00:00,9.650000
2009-01-16 00:00:00,9.710000
2009-01-19 00:00:00,9.330000
2009-01-20 00:00:00,9.200000
2009-01-21 00:00:00,9.730000
2009-01-22 00:00:00,9.500000
2009-01-23 00:00:00,9.200000
2009-01-26 00:00:00,10.000000
2009-01-27 00:00:00,10.200000
2009-01-28 00:00:00,10.150000
2009-01-29 00:00:00,9.670000
2009-01-30 00:00:00,10.200000
2009-02-02 00:00:00,10.300000
2009-02-03 00:00:00,10.580000
2009-02-04 00:00:00,10.500000
2009-02-05 00:00:00,10.200000
2009-02-06 00:00:00,10.930000
2009-02-09 00:00:00,11.760000
2009-02-10 00:00:00,12.360000
2009-02-11 00:00:00,12.160000
2009-02-12 00:00:00,12.050000
2009-02-13 00:00:00,12.270000
2009-02-16 00:00:00,11.580000
2009-02-17 00:00:00,10.100000
2009-02-18 00:00:00,9.750000
2009-02-19 00:00:00,10.280000
2009-02-20 00:00:00,9.710000
2009-02-23 00:00:00,9.810000
2009-02-24 00:00:00,9.410000
2009-02-25 00:00:00,9.660000
2009-02-26 00:00:00,11.220000
2009-02-27 00:00:00,10.900000
2009-03-02 00:00:00,10.380000
2009-03-03 00:00:00,10.170000
2009-03-04 00:00:00,10.670000
2009-03-05 00:00:00,10.550000
2009-03-06 00:00:00,10.900000
2009-03-09 00:00:00,10.530000
2009-03-10 00:00:00,11.950000
2009-03-11 00:00:00,11.990000
2009-03-12 00:00:00,11.300000
2009-03-13 00:00:00,11.610000
2009-03-16 00:00:00,11.780000
2009-03-17 00:00:00,11.840000
2009-03-18 00:00:00,11.730000
2009-03-19 00:00:00,12.640000
2009-03-20 00:00:00,12.160000
2009-03-23 00:00:00,13.700000
2009-03-24 00:00:00,13.000000
2009-03-25 00:00:00,14.300000
2009-03-26 00:00:00,13.910000
2009-03-27 00:00:00,13.250000
2009-03-30 00:00:00,11.960000
2009-03-31 00:00:00,12.070000
2009-04-01 00:00:00,12.500000
2009-04-02 00:00:00,13.250000
2009-04-03 00:00:00,13.200000
2009-04-06 00:00:00,13.640000
2009-04-07 00:00:00,13.500000
2009-04-08 00:00:00,13.600000
2009-04-09 00:00:00,14.030000
2009-04-14 00:00:00,13.510000
2009-04-15 00:00:00,13.750000
2009-04-16 00:00:00,13.720000
2009-04-17 00:00:00,13.800000
2009-04-20 00:00:00,12.540000
2009-04-21 00:00:00,12.530000
2009-04-22 00:00:00,13.130000
2009-04-23 00:00:00,13.500000
2009-04-24 00:00:00,13.890000
2009-04-27 00:00:00,13.250000
2009-04-28 00:00:00,12.800000
2009-04-29 00:00:00,13.350000
2009-04-30 00:00:00,13.460000
2009-05-01 00:00:00,13.490000
2009-05-05 00:00:00,14.300000
2009-05-06 00:00:00,14.050000
2009-05-07 00:00:00,14.650000
2009-05-08 00:00:00,14.900000
2009-05-11 00:00:00,14.830000
2009-05-12 00:00:00,15.560000
2009-05-13 00:00:00,14.820000
2009-05-14 00:00:00,14.550000
2009-05-15 00:00:00,14.710000
2009-05-18 00:00:00,14.500000
2009-05-19 00:00:00,14.780000
2009-05-20 00:00:00,15.900000
2009-05-21 00:00:00,15.300000
2009-05-22 00:00:00,15.810000
2009-05-26 00:00:00,15.730000
2009-05-27 00:00:00,16.150000
2009-05-28 00:00:00,16.600000
2009-05-29 00:00:00,17.000000
2009-06-01 00:00:00,17.750000
2009-06-02 00:00:00,17.460000
2009-06-03 00:00:00,17.100000
2009-06-04 00:00:00,17.200000
2009-06-05 00:00:00,17.800000
2009-06-08 00:00:00,17.210000
2009-06-09 00:00:00,17.000000
2009-06-10 00:00:00,17.420000
2009-06-11 00:00:00,17.550000
2009-06-12 00:00:00,17.490000
2009-06-15 00:00:00,16.900000
2009-06-16 00:00:00,17.000000
2009-06-17 00:00:00,16.700000
2009-06-18 00:00:00,16.980000
2009-06-19 00:00:00,18.400000
2009-06-22 00:00:00,16.960000
2009-06-23 00:00:00,15.890000
2009-06-24 00:00:00,16.200000
2009-06-25 00:00:00,15.940000
2009-06-26 00:00:00,16.050000
2009-06-29 00:00:00,16.430000
2009-06-30 00:00:00,16.190000
2009-07-01 00:00:00,15.900000
2009-07-02 00:00:00,15.550000
2009-07-03 00:00:00,15.570000
2009-07-06 00:00:00,14.750000
2009-07-07 00:00:00,14.790000
2009-07-08 00:00:00,14.400000
2009-07-09 00:00:00,13.900000
2009-07-10 00:00:00,13.390000
2009-07-13 00:00:00,13.200000
2009-07-14 00:00:00,13.830000
2009-07-15 00:00:00,14.690000
2009-07-16 00:00:00,14.550000
2009-07-17 00:00:00,15.040000
2009-07-20 00:00:00,15.800000
2009-07-21 00:00:00,16.220000
2009-07-22 00:00:00,15.870000
2009-07-23 00:00:00,16.350000
2009-07-24 00:00:00,16.640000
2009-07-27 00:00:00,17.000000
2009-07-28 00:00:00,17.340000
2009-07-29 00:00:00,16.710000
2009-07-30 00:00:00,17.180000
2009-07-31 00:00:00,17.130000
2009-08-03 00:00:00,17.970000
2009-08-04 00:00:00,17.900000
2009-08-05 00:00:00,17.720000
2009-08-06 00:00:00,18.020000
2009-08-07 00:00:00,18.500000
2009-08-10 00:00:00,18.050000
2009-08-11 00:00:00,17.540000
2009-08-12 00:00:00,17.470000
2009-08-13 00:00:00,18.370000
2009-08-14 00:00:00,18.350000
2009-08-17 00:00:00,17.430000
2009-08-18 00:00:00,17.740000
2009-08-19 00:00:00,18.100000
2009-08-20 00:00:00,18.600000
2009-08-21 00:00:00,18.960000
2009-08-24 00:00:00,19.140000
2009-08-25 00:00:00,18.700000
2009-08-26 00:00:00,18.490000
2009-08-27 00:00:00,17.900000
2009-08-28 00:00:00,17.930000
2009-09-01 00:00:00,18.050000
2009-09-02 00:00:00,17.240000
2009-09-03 00:00:00,17.610000
2009-09-04 00:00:00,17.400000
2009-09-07 00:00:00,18.400000
2009-09-08 00:00:00,19.050000
2009-09-09 00:00:00,19.210000
2009-09-10 00:00:00,19.800000
2009-09-11 00:00:00,19.860000
2009-09-14 00:00:00,19.570000
2009-09-15 00:00:00,20.210000
2009-09-16 00:00:00,20.900000
2009-09-17 00:00:00,20.690000
2009-09-18 00:00:00,20.000000
2009-09-21 00:00:00,19.980000
2009-09-22 00:00:00,20.610000
2009-09-23 00:00:00,20.900000
2009-09-24 00:00:00,20.520000
2009-09-25 00:00:00,20.500000
2009-09-28 00:00:00,20.750000
2009-09-29 00:00:00,20.860000
2009-09-30 00:00:00,20.850000
2009-10-01 00:00:00,21.580000
2009-10-02 00:00:00,21.130000
2009-10-05 00:00:00,21.550000
2009-10-06 00:00:00,23.360000
2009-10-07 00:00:00,24.150000
2009-10-08 00:00:00,25.890000
2009-10-09 00:00:00,26.710000
2009-10-12 00:00:00,28.060000
2009-10-13 00:00:00,27.500000
2009-10-14 00:00:00,29.600000
2009-10-15 00:00:00,29.690000
2009-10-16 00:00:00,28.600000
2009-10-19 00:00:00,29.200000
2009-10-20 00:00:00,28.400000
2009-10-21 00:00:00,28.300000
2009-10-22 00:00:00,27.400000
2009-10-23 00:00:00,27.450000
2009-10-26 00:00:00,26.900000
2009-10-27 00:00:00,25.850000
2009-10-28 00:00:00,25.050000
2009-10-29 00:00:00,27.000000
2009-10-30 00:00:00,26.000000
2009-11-02 00:00:00,26.500000
2009-11-03 00:00:00,25.500000
2009-11-04 00:00:00,26.470000
2009-11-05 00:00:00,25.860000
2009-11-06 00:00:00,25.190000
2009-11-09 00:00:00,25.950000
2009-11-10 00:00:00,26.200000
2009-11-11 00:00:00,26.060000
2009-11-12 00:00:00,26.070000
2009-11-13 00:00:00,25.585400
2009-11-16 00:00:00,27.260000
2009-11-17 00:00:00,26.800000
2009-11-18 00:00:00,27.280000
2009-11-19 00:00:00,26.700000
2009-11-20 00:00:00,26.950000
2009-11-23 00:00:00,27.640000
2009-11-24 00:00:00,27.340000
2009-11-25 00:00:00,27.130000
2009-11-26 00:00:00,26.750000
2009-11-27 00:00:00,26.420000
2009-11-30 00:00:00,26.440000
2009-12-01 00:00:00,27.440000
2009-12-02 00:00:00,27.750000
2009-12-03 00:00:00,27.950000
2009-12-04 00:00:00,28.700000
2009-12-07 00:00:00,28.660000
2009-12-08 00:00:00,27.800000
2009-12-09 00:00:00,28.000000
2009-12-10 00:00:00,28.000000
2009-12-11 00:00:00,28.460000
2009-12-14 00:00:00,28.590000
2009-12-15 00:00:00,28.670000
2009-12-16 00:00:00,29.400000
2009-12-17 00:00:00,27.400000
2009-12-18 00:00:00,26.000000
2009-12-21 00:00:00,27.000000
2009-12-22 00:00:00,26.470000
2009-12-23 00:00:00,27.050000
2009-12-24 00:00:00,27.720000
2009-12-29 00:00:00,27.510000
2009-12-30 00:00:00,27.080000
2009-12-31 00:00:00,27.400000
2010-01-04 00:00:00,27.710000
2010-01-05 00:00:00,28.500000
2010-01-06 00:00:00,28.690000
2010-01-07 00:00:00,28.310000
2010-01-08 00:00:00,28.150000
2010-01-11 00:00:00,29.350000
2010-01-12 00:00:00,28.940000
2010-01-13 00:00:00,28.110000
2010-01-14 00:00:00,28.350000
2010-01-15 00:00:00,28.100000
2010-01-18 00:00:00,28.140000
2010-01-19 00:00:00,27.480000
2010-01-20 00:00:00,27.250000
2010-01-21 00:00:00,27.000000
2010-01-22 00:00:00,25.570000
2010-01-25 00:00:00,25.860000
2010-01-26 00:00:00,24.930000
2010-01-27 00:00:00,24.850000
2010-01-28 00:00:00,24.780000
2010-01-29 00:00:00,24.620000
2010-02-01 00:00:00,24.600000
2010-02-02 00:00:00,25.400000
2010-02-03 00:00:00,25.750000
2010-02-04 00:00:00,24.750000
2010-02-05 00:00:00,23.400000
2010-02-08 00:00:00,23.300000
2010-02-09 00:00:00,23.580000
2010-02-10 00:00:00,23.470000
2010-02-11 00:00:00,23.580000
2010-02-12 00:00:00,22.540000
2010-02-15 00:00:00,22.630000
2010-02-16 00:00:00,23.720000
2010-02-17 00:00:00,24.100000
2010-02-18 00:00:00,23.740000
2010-02-19 00:00:00,23.860000
2010-02-22 00:00:00,24.290000
2010-02-23 00:00:00,22.600000
2010-02-24 00:00:00,23.060000
2010-02-25 00:00:00,22.450000
2010-02-26 00:00:00,22.990000
2010-03-01 00:00:00,23.380000
2010-03-02 00:00:00,23.640000
2010-03-03 00:00:00,23.880000
2010-03-04 00:00:00,24.470000
2010-03-05 00:00:00,24.780000
2010-03-08 00:00:00,24.780000
2010-03-09 00:00:00,24.480000
2010-03-10 00:00:00,23.630000
2010-03-11 00:00:00,23.480000
2010-03-12 00:00:00,24.000000
2010-03-15 00:00:00,23.850000
2010-03-16 00:00:00,24.890000
2010-03-17 00:00:00,26.140000
2010-03-18 00:00:00,26.400000
2010-03-19 00:00:00,27.750000
2010-03-22 00:00:00,26.870000
2010-03-23 00:00:00,26.890000
2010-03-24 00:00:00,25.790000
2010-03-25 00:00:00,26.090000
2010-03-26 00:00:00,26.370000
2010-03-29 00:00:00,26.830000
2010-03-30 00:00:00,25.960000
2010-03-31 00:00:00,26.210000
2010-04-01 00:00:00,27.050000
2010-04-06 00:00:00,28.670000
2010-04-07 00:00:00,28.450000
2010-04-08 00:00:00,28.100000
2010-04-09 00:00:00,28.880000
2010-04-12 00:00:00,28.980000
2010-04-13 00:00:00,28.680000
2010-04-14 00:00:00,29.370000
2010-04-15 00:00:00,29.400000
2010-04-16 00:00:00,28.450000
2010-04-19 00:00:00,27.370000
2010-04-20 00:00:00,27.750000
2010-04-21 00:00:00,27.630000
2010-04-22 00:00:00,27.000000
2010-04-23 00:00:00,27.690000
2010-04-26 00:00:00,28.200000
2010-04-27 00:00:00,27.790000
2010-04-28 00:00:00,27.000000
2010-04-29 00:00:00,27.400000
2010-04-30 00:00:00,27.200000
2010-05-04 00:00:00,25.930000
2010-05-05 00:00:00,24.460000
2010-05-06 00:00:00,23.390000
2010-05-07 00:00:00,22.050000
2010-05-10 00:00:00,24.240000
2010-05-11 00:00:00,22.830000
2010-05-12 00:00:00,23.510000
2010-05-13 00:00:00,23.480000
2010-05-14 00:00:00,22.780000
2010-05-17 00:00:00,22.320000
2010-05-18 00:00:00,22.600000
2010-05-19 00:00:00,20.800000
2010-05-20 00:00:00,19.820000
2010-05-21 00:00:00,20.070000
2010-05-24 00:00:00,20.000000
2010-05-25 00:00:00,17.740000
2010-05-26 00:00:00,16.950000
2010-05-27 00:00:00,17.900000
2010-05-28 00:00:00,19.350000
2010-06-01 00:00:00,19.300000
2010-06-02 00:00:00,19.560000
2010-06-03 00:00:00,19.950000
2010-06-04 00:00:00,19.150000
2010-06-07 00:00:00,18.320000
2010-06-08 00:00:00,17.840000
2010-06-09 00:00:00,18.060000
2010-06-10 00:00:00,18.640000
2010-06-11 00:00:00,18.450000
2010-06-14 00:00:00,18.700000
2010-06-15 00:00:00,19.500000
2010-06-16 00:00:00,19.700000
2010-06-17 00:00:00,20.460000
2010-06-18 00:00:00,20.900000
2010-06-21 00:00:00,21.450000
2010-06-22 00:00:00,20.450000
2010-06-23 00:00:00,19.900000
2010-06-24 00:00:00,19.900000
2010-06-25 00:00:00,19.900000
2010-06-28 00:00:00,19.960000
2010-06-29 00:00:00,18.950000
2010-06-30 00:00:00,18.900000
2010-07-01 00:00:00,17.810000
2010-07-02 00:00:00,18.140000
2010-07-05 00:00:00,18.330000
2010-07-06 00:00:00,19.340000
2010-07-07 00:00:00,19.680000
2010-07-08 00:00:00,19.290000
2010-07-09 00:00:00,19.210000
2010-07-12 00:00:00,19.380000
2010-07-13 00:00:00,19.720000
2010-07-14 00:00:00,19.430000
2010-07-15 00:00:00,19.040000
2010-07-16 00:00:00,19.110000
2010-07-19 00:00:00,19.350000
2010-07-20 00:00:00,19.360000
2010-07-21 00:00:00,19.800000
2010-07-22 00:00:00,20.100000
2010-07-23 00:00:00,20.000000
2010-07-26 00:00:00,20.250000
2010-07-27 00:00:00,20.550000
2010-07-28 00:00:00,19.990000
2010-07-29 00:00:00,20.690000
2010-07-30 00:00:00,20.280000
2010-08-02 00:00:00,21.470000
2010-08-03 00:00:00,21.300000
2010-08-04 00:00:00,21.690000
2010-08-05 00:00:00,21.400000
2010-08-06 00:00:00,21.300000
2010-08-09 00:00:00,21.140000
2010-08-10 00:00:00,20.400000
2010-08-11 00:00:00,20.070000
2010-08-12 00:00:00,19.630000
2010-08-13 00:00:00,19.500000
2010-08-16 00:00:00,19.600000
2010-08-17 00:00:00,19.850000
2010-08-18 00:00:00,19.800000
2010-08-19 00:00:00,19.480000
2010-08-20 00:00:00,18.850000
2010-08-23 00:00:00,19.100000
2010-08-24 00:00:00,18.450000
2010-08-25 00:00:00,18.250000
2010-08-26 00:00:00,18.610000
2010-08-27 00:00:00,18.920000
2010-08-31 00:00:00,18.650000
2010-09-01 00:00:00,19.000000
2010-09-02 00:00:00,19.030000
2010-09-03 00:00:00,19.300000
2010-09-06 00:00:00,19.400000
2010-09-07 00:00:00,19.150000
2010-09-08 00:00:00,20.010000
2010-09-09 00:00:00,20.030000
2010-09-10 00:00:00,20.000000
2010-09-13 00:00:00,20.030000
2010-09-14 00:00:00,19.610000
2010-09-15 00:00:00,19.430000
2010-09-16 00:00:00,19.180000
2010-09-17 00:00:00,18.830000
2010-09-20 00:00:00,19.010000
2010-09-21 00:00:00,19.250000
2010-09-22 00:00:00,19.270000
2010-09-23 00:00:00,19.110000
2010-09-24 00:00:00,19.150000
2010-09-27 00:00:00,19.040000
2010-09-28 00:00:00,18.950000
2010-09-29 00:00:00,19.000000
2010-09-30 00:00:00,19.050000
2010-10-01 00:00:00,19.140000
2010-10-04 00:00:00,19.700000
2010-10-05 00:00:00,20.050000
2010-10-06 00:00:00,20.080000
2010-10-07 00:00:00,20.000000
2010-10-08 00:00:00,19.700000
2010-10-11 00:00:00,19.980000
2010-10-12 00:00:00,19.740000
2010-10-13 00:00:00,19.980000
2010-10-14 00:00:00,19.900000
2010-10-15 00:00:00,19.650000
2010-10-18 00:00:00,19.580000
2010-10-19 00:00:00,19.390000
2010-10-20 00:00:00,19.300000
2010-10-21 00:00:00,19.640000
2010-10-22 00:00:00,19.450000
2010-10-25 00:00:00,19.800000
2010-10-26 00:00:00,19.750000
2010-10-27 00:00:00,19.340000
2010-10-28 00:00:00,19.300000
2010-10-29 00:00:00,19.460000
2010-11-01 00:00:00,19.500000
2010-11-02 00:00:00,19.740000
2010-11-03 00:00:00,19.560000
2010-11-04 00:00:00,20.670000
2010-11-05 00:00:00,20.740000
2010-11-08 00:00:00,20.220000
2010-11-09 00:00:00,20.790000
2010-11-10 00:00:00,20.370000
2010-11-11 00:00:00,20.660000
2010-11-12 00:00:00,20.400000
2010-11-15 00:00:00,20.760000
2010-11-16 00:00:00,20.650000
2010-11-17 00:00:00,20.450000
2010-11-18 00:00:00,20.580000
2010-11-19 00:00:00,20.450000
2010-11-22 00:00:00,20.440000
2010-11-23 00:00:00,20.030000
2010-11-24 00:00:00,20.210000
2010-11-25 00:00:00,20.350000
2010-11-26 00:00:00,20.070000
2010-11-29 00:00:00,19.800000
2010-11-30 00:00:00,19.850000
2010-12-01 00:00:00,20.320000
2010-12-02 00:00:00,20.530000
2010-12-03 00:00:00,20.800000
2010-12-06 00:00:00,20.870000
2010-12-07 00:00:00,21.600000
2010-12-08 00:00:00,21.260000
2010-12-09 00:00:00,21.380000
2010-12-10 00:00:00,21.290000
2010-12-13 00:00:00,21.500000
2010-12-14 00:00:00,21.300000
2010-12-15 00:00:00,21.060000
2010-12-16 00:00:00,20.900000
2010-12-17 00:00:00,20.920000
2010-12-20 00:00:00,20.700000
2010-12-21 00:00:00,20.800000
2010-12-22 00:00:00,20.980000
2010-12-23 00:00:00,20.910000
2010-12-24 00:00:00,20.980000
2010-12-29 00:00:00,20.980000
2010-12-30 00:00:00,20.980000
2010-12-31 00:00:00,20.800000
2011-01-04 00:00:00,21.050000
2011-01-05 00:00:00,21.050000
2011-01-06 00:00:00,21.140000
2011-01-07 00:00:00,20.800000
2011-01-10 00:00:00,20.900000
2011-01-11 00:00:00,21.180000
2011-01-12 00:00:00,22.240000
2011-01-13 00:00:00,22.100000
2011-01-14 00:00:00,22.250000
2011-01-17 00:00:00,22.910000
2011-01-18 00:00:00,23.150000
2011-01-19 00:00:00,23.050000
2011-01-20 00:00:00,22.500000
2011-01-21 00:00:00,22.800000
2011-01-24 00:00:00,22.110000
2011-01-25 00:00:00,22.230000
2011-01-26 00:00:00,22.400000
2011-01-27 00:00:00,22.460000
2011-01-28 00:00:00,22.500000
2011-01-31 00:00:00,22.010000
2011-02-01 00:00:00,22.750000
2011-02-02 00:00:00,23.450000
2011-02-03 00:00:00,23.140000
2011-02-04 00:00:00,23.280000
2011-02-07 00:00:00,23.460000
2011-02-08 00:00:00,23.800000
2011-02-09 00:00:00,23.930000
2011-02-10 00:00:00,23.270000
2011-02-11 00:00:00,23.350000
2011-02-14 00:00:00,23.540000
2011-02-15 00:00:00,23.450000
2011-02-16 00:00:00,23.400000
2011-02-17 00:00:00,23.840000
2011-02-18 00:00:00,24.300000
2011-02-21 00:00:00,24.930000
2011-02-22 00:00:00,26.500000
2011-02-23 00:00:00,26.010000
2011-02-24 00:00:00,26.800000
2011-02-25 00:00:00,26.710000
2011-02-28 00:00:00,27.090000
2011-03-01 00:00:00,26.480000
2011-03-02 00:00:00,26.630000
2011-03-03 00:00:00,27.300000
2011-03-04 00:00:00,27.090000
2011-03-07 00:00:00,27.890000
2011-03-08 00:00:00,27.160000
2011-03-09 00:00:00,27.600000
2011-03-10 00:00:00,26.120000
2011-03-11 00:00:00,25.050000
2011-03-14 00:00:00,25.320000
2011-03-15 00:00:00,24.250000
2011-03-16 00:00:00,25.280000
2011-03-17 00:00:00,25.700000
2011-03-18 00:00:00,25.730000
2011-03-21 00:00:00,26.580000
2011-03-22 00:00:00,26.600000
2011-03-23 00:00:00,26.900000
2011-03-24 00:00:00,26.700000
2011-03-25 00:00:00,26.900000
2011-03-28 00:00:00,26.750000
2011-03-29 00:00:00,26.140000
2011-03-30 00:00:00,26.260000
2011-03-31 00:00:00,26.350000
2011-04-01 00:00:00,26.530000
2011-04-04 00:00:00,26.700000
2011-04-05 00:00:00,26.450000
2011-04-06 00:00:00,26.430000
2011-04-07 00:00:00,26.030000
2011-04-08 00:00:00,26.290000
2011-04-11 00:00:00,26.150000
2011-04-12 00:00:00,24.870000
2011-04-13 00:00:00,24.760000
2011-04-14 00:00:00,24.500000
2011-04-15 00:00:00,24.610000
2011-04-18 00:00:00,24.000000
2011-04-19 00:00:00,24.330000
2011-04-20 00:00:00,25.500000
2011-04-21 00:00:00,25.650000
2011-04-26 00:00:00,25.650000
2011-04-27 00:00:00,25.010000
2011-04-28 00:00:00,25.250000
2011-05-03 00:00:00,24.470000
2011-05-04 00:00:00,24.500000
2011-05-05 00:00:00,23.800000
2011-05-06 00:00:00,23.870000
2011-05-09 00:00:00,23.200000
2011-05-10 00:00:00,23.600000
2011-05-11 00:00:00,23.440000
2011-05-12 00:00:00,22.160000
2011-05-13 00:00:00,22.100000
2011-05-16 00:00:00,21.630000
2011-05-17 00:00:00,21.630000
2011-05-18 00:00:00,21.630000
2011-05-19 00:00:00,21.890000
2011-05-20 00:00:00,21.350000
2011-05-23 00:00:00,20.500000
2011-05-24 00:00:00,20.930000
2011-05-25 00:00:00,20.850000
2011-05-26 00:00:00,20.940000
2011-05-27 00:00:00,21.510000
2011-05-31 00:00:00,22.170000
2011-06-01 00:00:00,22.180000
2011-06-02 00:00:00,22.280000
2011-06-03 00:00:00,22.160000
2011-06-06 00:00:00,22.350000
2011-06-07 00:00:00,22.790000
2011-06-08 00:00:00,22.860000
2011-06-09 00:00:00,23.040000
2011-06-10 00:00:00,23.080000
2011-06-13 00:00:00,23.060000
2011-06-14 00:00:00,22.910000
2011-06-15 00:00:00,22.400000
2011-06-16 00:00:00,21.800000
2011-06-17 00:00:00,21.300000
2011-06-20 00:00:00,21.620000
2011-06-21 00:00:00,21.870000
2011-06-22 00:00:00,21.840000
2011-06-23 00:00:00,21.510000
2011-06-24 00:00:00,22.270000
2011-06-27 00:00:00,22.000000
2011-06-28 00:00:00,22.620000
2011-06-29 00:00:00,23.000000
2011-06-30 00:00:00,23.500000
2011-07-01 00:00:00,23.580000
2011-07-04 00:00:00,23.550000
2011-07-05 00:00:00,23.550000
2011-07-06 00:00:00,23.500000
2011-07-07 00:00:00,24.100000
2011-07-08 00:00:00,24.200000
2011-07-11 00:00:00,23.450000
2011-07-12 00:00:00,23.550000
2011-07-13 00:00:00,23.980000
2011-07-14 00:00:00,24.500000
2011-07-15 00:00:00,24.500000
2011-07-18 00:00:00,24.190000
2011-07-19 00:00:00,24.480000
2011-07-20 00:00:00,24.420000
2011-07-21 00:00:00,24.950000
2011-07-22 00:00:00,24.800000
2011-07-25 00:00:00,24.700000
2011-07-26 00:00:00,25.110000
2011-07-27 00:00:00,25.070000
2011-07-28 00:00:00,24.950000
2011-07-29 00:00:00,25.290000
2011-08-01 00:00:00,25.340000
2011-08-02 00:00:00,24.800000
2011-08-03 00:00:00,23.600000
2011-08-04 00:00:00,22.500000
2011-08-05 00:00:00,22.080000
2011-08-08 00:00:00,20.290000
2011-08-09 00:00:00,20.090000
2011-08-10 00:00:00,20.060000
2011-08-11 00:00:00,20.540000
2011-08-12 00:00:00,21.360000
2011-08-15 00:00:00,22.170000
2011-08-16 00:00:00,22.270000
2011-08-17 00:00:00,22.620000
2011-08-18 00:00:00,21.400000
2011-08-19 00:00:00,20.650000
2011-08-22 00:00:00,20.790000
2011-08-23 00:00:00,20.680000
2011-08-24 00:00:00,20.900000
2011-08-25 00:00:00,20.610000
2011-08-26 00:00:00,20.820000
2011-08-30 00:00:00,21.630000
2011-08-31 00:00:00,21.980000
2011-09-01 00:00:00,22.090000
2011-09-02 00:00:00,21.780000
2011-09-05 00:00:00,20.940000
2011-09-06 00:00:00,20.820000
2011-09-07 00:00:00,21.500000
2011-09-08 00:00:00,21.540000
2011-09-09 00:00:00,20.590000
2011-09-12 00:00:00,20.990000
2011-09-13 00:00:00,20.990000
2011-09-14 00:00:00,20.770000
2011-09-15 00:00:00,20.730000
2011-09-16 00:00:00,20.150000
2011-09-19 00:00:00,19.430000
2011-09-20 00:00:00,19.860000
2011-09-21 00:00:00,19.620000
2011-09-22 00:00:00,18.300000
2011-09-23 00:00:00,17.220000
2011-09-26 00:00:00,17.370000
2011-09-27 00:00:00,17.990000
2011-09-28 00:00:00,17.830000
2011-09-29 00:00:00,18.090000
2011-09-30 00:00:00,17.500000
2011-10-03 00:00:00,17.140000
2011-10-04 00:00:00,16.100000
2011-10-05 00:00:00,16.450000
2011-10-06 00:00:00,16.900000
2011-10-07 00:00:00,17.030000
2011-10-10 00:00:00,17.650000
2011-10-11 00:00:00,17.400000
2011-10-12 00:00:00,18.390000
2011-10-13 00:00:00,18.060000
2011-10-14 00:00:00,18.700000
2011-10-17 00:00:00,18.710000
2011-10-18 00:00:00,18.830000
2011-10-19 00:00:00,19.800000
2011-10-20 00:00:00,20.050000
2011-10-21 00:00:00,20.600000
2011-10-24 00:00:00,20.980000
2011-10-25 00:00:00,20.900000
2011-10-26 00:00:00,20.900000
2011-10-27 00:00:00,21.250000
2011-10-28 00:00:00,21.450000
2011-10-31 00:00:00,20.950000
2011-11-01 00:00:00,20.020000
2011-11-02 00:00:00,20.300000
2011-11-03 00:00:00,21.090000
2011-11-04 00:00:00,21.500000
2011-11-07 00:00:00,21.530000
2011-11-08 00:00:00,22.200000
2011-11-09 00:00:00,21.900000
2011-11-10 00:00:00,21.800000
2011-11-11 00:00:00,21.950000
2011-11-14 00:00:00,21.940000
2011-11-15 00:00:00,22.600000
2011-11-16 00:00:00,22.010000
2011-11-17 00:00:00,22.000000
2011-11-18 00:00:00,21.600000
2011-11-21 00:00:00,21.220000
2011-11-22 00:00:00,21.360000
2011-11-23 00:00:00,21.260000
2011-11-24 00:00:00,21.500000
2011-11-25 00:00:00,21.610000
2011-11-28 00:00:00,22.110000
2011-11-29 00:00:00,22.460000
2011-11-30 00:00:00,22.780000
2011-12-01 00:00:00,22.670000
2011-12-02 00:00:00,22.700000
2011-12-05 00:00:00,22.600000
2011-12-06 00:00:00,22.150000
2011-12-07 00:00:00,22.200000
2011-12-08 00:00:00,22.300000
2011-12-09 00:00:00,22.090000
2011-12-12 00:00:00,21.240000
2011-12-13 00:00:00,21.260000
2011-12-14 00:00:00,20.880000
2011-12-15 00:00:00,21.490000
2011-12-16 00:00:00,21.710000
2011-12-19 00:00:00,21.480000
2011-12-20 00:00:00,22.350000
2011-12-21 00:00:00,22.370000
2011-12-22 00:00:00,22.860000
2011-12-23 00:00:00,23.360000
2011-12-28 00:00:00,22.990000
2011-12-29 00:00:00,23.410000
2011-12-30 00:00:00,23.500000
2012-01-03 00:00:00,23.940000
2012-01-04 00:00:00,23.500000
2012-01-05 00:00:00,23.500000
2012-01-06 00:00:00,23.440000
2012-01-09 00:00:00,23.350000
2012-01-10 00:00:00,23.910000
2012-01-11 00:00:00,23.660000
2012-01-12 00:00:00,23.700000
2012-01-13 00:00:00,23.030000
2012-01-16 00:00:00,23.200000
2012-01-17 00:00:00,23.490000
2012-01-18 00:00:00,23.730000
2012-01-19 00:00:00,24.150000
2012-01-20 00:00:00,24.240000
2012-01-23 00:00:00,24.310000
2012-01-24 00:00:00,24.470000
2012-01-25 00:00:00,24.500000
2012-01-26 00:00:00,24.970000
2012-01-27 00:00:00,25.000000
2012-01-30 00:00:00,24.500000
2012-01-31 00:00:00,24.840000
2012-02-01 00:00:00,25.000000
2012-02-02 00:00:00,25.000000
2012-02-03 00:00:00,24.900000
2012-02-06 00:00:00,24.870000
2012-02-07 00:00:00,24.920000
2012-02-08 00:00:00,25.340000
2012-02-09 00:00:00,25.580000
2012-02-10 00:00:00,25.400000
2012-02-13 00:00:00,25.670000
2012-02-14 00:00:00,25.700000
2012-02-15 00:00:00,25.850000
2012-02-16 00:00:00,25.590000
2012-02-17 00:00:00,25.990000
2012-02-20 00:00:00,26.000000
2012-02-21 00:00:00,25.720000
2012-02-22 00:00:00,25.850000
2012-02-23 00:00:00,26.110000
2012-02-24 00:00:00,26.800000
2012-02-27 00:00:00,26.970000
2012-02-28 00:00:00,26.900000
2012-02-29 00:00:00,27.200000
2012-03-01 00:00:00,27.110000
2012-03-02 00:00:00,27.020000
2012-03-05 00:00:00,26.850000
2012-03-06 00:00:00,26.300000
2012-03-07 00:00:00,26.890000
2012-03-08 00:00:00,26.910000
2012-03-09 00:00:00,26.780000
2012-03-12 00:00:00,26.400000
2012-03-13 00:00:00,26.550000
2012-03-14 00:00:00,26.700000
2012-03-15 00:00:00,26.400000
2012-03-16 00:00:00,26.200000
2012-03-19 00:00:00,27.150000
2012-03-20 00:00:00,26.750000
2012-03-21 00:00:00,26.460000
2012-03-22 00:00:00,25.770000
2012-03-23 00:00:00,26.130000
2012-03-26 00:00:00,26.760000
2012-03-27 00:00:00,27.010000
2012-03-28 00:00:00,26.410000
2012-03-29 00:00:00,25.600000
2012-03-30 00:00:00,26.690000
2012-04-02 00:00:00,26.600000
2012-04-03 00:00:00,27.100000
2012-04-04 00:00:00,26.210000
2012-04-05 00:00:00,26.650000
2012-04-10 00:00:00,26.020000
2012-04-11 00:00:00,26.300000
2012-04-12 00:00:00,26.580000
2012-04-13 00:00:00,25.980000
2012-04-16 00:00:00,26.240000
2012-04-17 00:00:00,26.230000
2012-04-18 00:00:00,26.360000
2012-04-19 00:00:00,26.470000
2012-04-20 00:00:00,25.900000
2012-04-23 00:00:00,25.150000
2012-04-24 00:00:00,25.050000
2012-04-25 00:00:00,25.000000
2012-04-26 00:00:00,23.850000
2012-04-27 00:00:00,24.300000
2012-04-30 00:00:00,24.690000
2012-05-01 00:00:00,24.650000
2012-05-02 00:00:00,23.700000
2012-05-03 00:00:00,23.640000
2012-05-04 00:00:00,22.500000
2012-05-08 00:00:00,22.400000
2012-05-09 00:00:00,21.910000
2012-05-10 00:00:00,22.350000
2012-05-11 00:00:00,22.500000
2012-05-14 00:00:00,21.350000
2012-05-15 00:00:00,21.610000
2012-05-16 00:00:00,21.300000
2012-05-17 00:00:00,21.000000
2012-05-18 00:00:00,20.800000
2012-05-21 00:00:00,21.200000
2012-05-22 00:00:00,21.240000
2012-05-23 00:00:00,19.900000
2012-05-24 00:00:00,20.170000
2012-05-25 00:00:00,20.270000
2012-05-28 00:00:00,20.310000
2012-05-29 00:00:00,20.650000
2012-05-30 00:00:00,20.150000
2012-05-31 00:00:00,19.960000
2012-06-01 00:00:00,19.040000
2012-06-06 00:00:00,20.120000
2012-06-07 00:00:00,20.610000
2012-06-08 00:00:00,20.900000
2012-06-11 00:00:00,21.690000
2012-06-12 00:00:00,21.470000
2012-06-13 00:00:00,21.650000
2012-06-14 00:00:00,21.940000
2012-06-15 00:00:00,22.150000
2012-06-18 00:00:00,22.200000
2012-06-19 00:00:00,22.050000
2012-06-20 00:00:00,21.890000
2012-06-21 00:00:00,21.750000
2012-06-22 00:00:00,21.700000
2012-06-25 00:00:00,21.700000
2012-06-26 00:00:00,22.290000
2012-06-27 00:00:00,22.100000
2012-06-28 00:00:00,22.100000
2012-06-29 00:00:00,22.950000
2012-07-02 00:00:00,23.040000
2012-07-03 00:00:00,23.490000
2012-07-04 00:00:00,23.430000
2012-07-05 00:00:00,23.470000
2012-07-06 00:00:00,23.250000
2012-07-09 00:00:00,23.100000
2012-07-10 00:00:00,23.090000
2012-07-11 00:00:00,23.090000
2012-07-12 00:00:00,23.730000
2012-07-13 00:00:00,23.400000
2012-07-16 00:00:00,23.490000
2012-07-17 00:00:00,23.890000
2012-07-18 00:00:00,24.010000
2012-07-19 00:00:00,24.320000
2012-07-20 00:00:00,23.890000
2012-07-23 00:00:00,22.910000
2012-07-24 00:00:00,22.700000
2012-07-25 00:00:00,22.600000
2012-07-26 00:00:00,23.230000
2012-07-27 00:00:00,24.140000
2012-07-30 00:00:00,24.410000
2012-07-31 00:00:00,23.600000
2012-08-01 00:00:00,23.770000
2012-08-02 00:00:00,23.180000
2012-08-03 00:00:00,24.190000
2012-08-06 00:00:00,24.500000
2012-08-07 00:00:00,24.550000
2012-08-08 00:00:00,24.600000
2012-08-09 00:00:00,24.710000
2012-08-10 00:00:00,24.630000
2012-08-13 00:00:00,24.500000
2012-08-14 00:00:00,24.470000
2012-08-15 00:00:00,23.880000
2012-08-16 00:00:00,23.710000
2012-08-17 00:00:00,23.250000
2012-08-20 00:00:00,23.230000
2012-08-21 00:00:00,23.970000
2012-08-22 00:00:00,23.500000
2012-08-23 00:00:00,23.570000
2012-08-24 00:00:00,23.500000
2012-08-28 00:00:00,23.270000
2012-08-29 00:00:00,23.200000
2012-08-30 00:00:00,23.050000
2012-08-31 00:00:00,23.600000
2012-09-03 00:00:00,23.570000
2012-09-04 00:00:00,23.750000
2012-09-05 00:00:00,23.740000
2012-09-06 00:00:00,24.140000
2012-09-07 00:00:00,24.600000
2012-09-10 00:00:00,24.420000
2012-09-11 00:00:00,24.460000
2012-09-12 00:00:00,24.360000
2012-09-13 00:00:00,24.400000
2012-09-14 00:00:00,25.600000
2012-09-17 00:00:00,25.550000
2012-09-18 00:00:00,25.300000
2012-09-19 00:00:00,24.600000
2012-09-20 00:00:00,24.390000
2012-09-21 00:00:00,24.780000
2012-09-24 00:00:00,24.240000
2012-09-25 00:00:00,24.370000
2012-09-26 00:00:00,23.740000
2012-09-27 00:00:00,24.370000
2012-09-28 00:00:00,24.570000
2012-10-01 00:00:00,25.060000
2012-10-02 00:00:00,24.950000
2012-10-03 00:00:00,24.860000
2012-10-04 00:00:00,25.010000
2012-10-05 00:00:00,25.220000
2012-10-08 00:00:00,24.860000
2012-10-09 00:00:00,24.940000
2012-10-10 00:00:00,24.920000
2012-10-11 00:00:00,25.100000
2012-10-12 00:00:00,25.000000
2012-10-15 00:00:00,25.250000
2012-10-16 00:00:00,25.440000
2012-10-17 00:00:00,25.840000
2012-10-18 00:00:00,25.930000
2012-10-19 00:00:00,25.510000
2012-10-22 00:00:00,25.240000
2012-10-23 00:00:00,24.540000
2012-10-24 00:00:00,24.640000
2012-10-25 00:00:00,24.590000
2012-10-26 00:00:00,24.730000
2012-10-29 00:00:00,24.830000
2012-10-30 00:00:00,24.960000
2012-10-31 00:00:00,24.660000
2012-11-01 00:00:00,25.350000
2012-11-02 00:00:00,24.470000
2012-11-05 00:00:00,24.690000
2012-11-06 00:00:00,24.890000
2012-11-07 00:00:00,24.250000
2012-11-08 00:00:00,24.400000
2012-11-09 00:00:00,23.440000
2012-11-12 00:00:00,23.530000
2012-11-13 00:00:00,23.200000
2012-11-14 00:00:00,22.650000
2012-11-15 00:00:00,22.550000
2012-11-16 00:00:00,22.690000
2012-11-19 00:00:00,22.890000
2012-11-20 00:00:00,22.590000
2012-11-21 00:00:00,22.910000
2012-11-22 00:00:00,22.780000
2012-11-23 00:00:00,22.880000
2012-11-26 00:00:00,22.450000
2012-11-27 00:00:00,22.580000
2012-11-28 00:00:00,22.160000
2012-11-29 00:00:00,22.300000
2012-11-30 00:00:00,22.920000
2012-12-03 00:00:00,23.070000
2012-12-04 00:00:00,22.990000
2012-12-05 00:00:00,23.210000
2012-12-06 00:00:00,23.030000
2012-12-07 00:00:00,23.120000
2012-12-10 00:00:00,23.100000
2012-12-11 00:00:00,23.200000
2012-12-12 00:00:00,23.900000
2012-12-13 00:00:00,24.030000
2012-12-14 00:00:00,24.000000
2012-12-17 00:00:00,23.440000
2012-12-18 00:00:00,23.340000
2012-12-19 00:00:00,23.230000
2012-12-20 00:00:00,22.980000
2012-12-21 00:00:00,23.370000
2012-12-24 00:00:00,23.170000
2012-12-27 00:00:00,23.300000
2012-12-28 00:00:00,23.300000
2012-12-31 00:00:00,23.180000
2013-01-02 00:00:00,24.260000
2013-01-03 00:00:00,24.410000
2013-01-04 00:00:00,24.660000
2013-01-07 00:00:00,24.460000
2013-01-08 00:00:00,23.450000
2013-01-09 00:00:00,23.450000
2013-01-10 00:00:00,23.440000
2013-01-11 00:00:00,23.680000
2013-01-14 00:00:00,23.810000
2013-01-15 00:00:00,23.520000
2013-01-16 00:00:00,23.400000
2013-01-17 00:00:00,23.670000
2013-01-18 00:00:00,23.600000
2013-01-21 00:00:00,23.600000
2013-01-22 00:00:00,23.750000
2013-01-23 00:00:00,23.890000
2013-01-24 00:00:00,23.850000
2013-01-25 00:00:00,24.260000
2013-01-28 00:00:00,24.070000
2013-01-29 00:00:00,24.200000
2013-01-30 00:00:00,24.300000
2013-01-31 00:00:00,24.250000
2013-02-01 00:00:00,24.550000
2013-02-04 00:00:00,24.200000
2013-02-05 00:00:00,24.240000
2013-02-06 00:00:00,24.220000
2013-02-07 00:00:00,23.780000
2013-02-08 00:00:00,23.830000
2013-02-11 00:00:00,23.640000
2013-02-12 00:00:00,23.670000
2013-02-13 00:00:00,24.000000
2013-02-14 00:00:00,24.000000
2013-02-15 00:00:00,23.870000
2013-02-18 00:00:00,23.900000
2013-02-19 00:00:00,23.850000
2013-02-20 00:00:00,24.060000
2013-02-21 00:00:00,23.520000
2013-02-22 00:00:00,23.600000
2013-02-25 00:00:00,23.570000
2013-02-26 00:00:00,23.280000
2013-02-27 00:00:00,23.050000
2013-02-28 00:00:00,22.670000
2013-03-01 00:00:00,22.400000
2013-03-04 00:00:00,22.200000
2013-03-05 00:00:00,22.600000
2013-03-06 00:00:00,22.700000
2013-03-07 00:00:00,23.100000
2013-03-08 00:00:00,23.270000
2013-03-11 00:00:00,23.000000
2013-03-12 00:00:00,23.180000
2013-03-13 00:00:00,23.090000
2013-03-14 00:00:00,22.950000
2013-03-15 00:00:00,22.950000
2013-03-18 00:00:00,22.540000
2013-03-19 00:00:00,22.000000
2013-03-20 00:00:00,22.250000
2013-03-21 00:00:00,22.110000
2013-03-22 00:00:00,22.100000
2013-03-25 00:00:00,21.670000
2013-03-26 00:00:00,21.500000
2013-03-27 00:00:00,21.010000
2013-03-28 00:00:00,21.100000
2013-04-02 00:00:00,20.920000
2013-04-03 00:00:00,21.000000
2013-04-04 00:00:00,21.000000
2013-04-05 00:00:00,20.660000
2013-04-08 00:00:00,20.950000
2013-04-09 00:00:00,21.200000
2013-04-10 00:00:00,21.200000
2013-04-11 00:00:00,21.030000
2013-04-12 00:00:00,20.570000
2013-04-15 00:00:00,20.780000
2013-04-16 00:00:00,20.860000
2013-04-17 00:00:00,20.800000
2013-04-18 00:00:00,21.170000
2013-04-19 00:00:00,20.140000
2013-04-22 00:00:00,19.920000
2013-04-23 00:00:00,20.020000
2013-04-24 00:00:00,20.730000
2013-04-25 00:00:00,20.850000
2013-04-26 00:00:00,20.030000
2013-04-29 00:00:00,19.790000
2013-04-30 00:00:00,20.400000
2013-05-01 00:00:00,20.310000
2013-05-02 00:00:00,20.550000
2013-05-03 00:00:00,20.760000
2013-05-07 00:00:00,21.250000
2013-05-08 00:00:00,20.950000
2013-05-09 00:00:00,21.030000
2013-05-10 00:00:00,20.780000
2013-05-13 00:00:00,20.740000
2013-05-14 00:00:00,20.380000
2013-05-15 00:00:00,20.600000
2013-05-16 00:00:00,20.450000
2013-05-17 00:00:00,20.510000
2013-05-20 00:00:00,20.550000
2013-05-21 00:00:00,20.500000
2013-05-22 00:00:00,20.620000
2013-05-23 00:00:00,20.200000
2013-05-24 00:00:00,19.930000
2013-05-28 00:00:00,20.000000
2013-05-29 00:00:00,19.580000
2013-05-30 00:00:00,19.150000
2013-05-31 00:00:00,18.990000
2013-06-03 00:00:00,18.860000
2013-06-04 00:00:00,19.170000
2013-06-05 00:00:00,18.700000
2013-06-06 00:00:00,18.760000
2013-06-07 00:00:00,19.220000
2013-06-10 00:00:00,19.180000
2013-06-11 00:00:00,18.380000
2013-06-12 00:00:00,18.020000
2013-06-13 00:00:00,16.900000
2013-06-14 00:00:00,17.660000
2013-06-17 00:00:00,17.750000
2013-06-18 00:00:00,17.750000
2013-06-19 00:00:00,17.210000
2013-06-20 00:00:00,17.000000
2013-06-21 00:00:00,17.300000
2013-06-24 00:00:00,17.380000
2013-06-25 00:00:00,17.720000
2013-06-26 00:00:00,17.900000
2013-06-27 00:00:00,17.970000
2013-06-28 00:00:00,17.800000
2013-07-01 00:00:00,18.090000
2013-07-02 00:00:00,17.850000
2013-07-03 00:00:00,17.780000
2013-07-04 00:00:00,17.610000
2013-07-05 00:00:00,17.530000
2013-07-08 00:00:00,17.580000
2013-07-09 00:00:00,17.610000
2013-07-10 00:00:00,17.600000
2013-07-11 00:00:00,17.940000
2013-07-12 00:00:00,18.000000
2013-07-15 00:00:00,18.030000
2013-07-16 00:00:00,18.250000
2013-07-17 00:00:00,19.300000
2013-07-18 00:00:00,18.900000
2013-07-19 00:00:00,18.870000
2013-07-22 00:00:00,19.100000
2013-07-23 00:00:00,19.400000
2013-07-24 00:00:00,18.550000
2013-07-25 00:00:00,18.000000
2013-07-26 00:00:00,18.000000
2013-07-29 00:00:00,18.280000
2013-07-30 00:00:00,18.050000
2013-07-31 00:00:00,17.680000
2013-08-01 00:00:00,18.300000
2013-08-02 00:00:00,18.170000
2013-08-05 00:00:00,17.820000
2013-08-06 00:00:00,17.660000
2013-08-07 00:00:00,17.800000
2013-08-08 00:00:00,17.830000
2013-08-09 00:00:00,18.400000
2013-08-12 00:00:00,18.410000
2013-08-13 00:00:00,18.880000
2013-08-14 00:00:00,19.250000
2013-08-15 00:00:00,19.040000
2013-08-16 00:00:00,19.010000
2013-08-19 00:00:00,18.940000
2013-08-20 00:00:00,19.000000
2013-08-21 00:00:00,19.000000
2013-08-22 00:00:00,19.380000
2013-08-23 00:00:00,20.280000
2013-08-27 00:00:00,19.950000
2013-08-28 00:00:00,20.070000
2013-08-29 00:00:00,20.290000
2013-08-30 00:00:00,20.570000
2013-09-02 00:00:00,20.600000
2013-09-03 00:00:00,20.600000
2013-09-04 00:00:00,21.110000
2013-09-05 00:00:00,21.340000
2013-09-06 00:00:00,21.390000
2013-09-09 00:00:00,21.800000
2013-09-10 00:00:00,21.650000
2013-09-11 00:00:00,21.650000
2013-09-12 00:00:00,21.800000
2013-09-13 00:00:00,21.810000
2013-09-16 00:00:00,22.200000
2013-09-17 00:00:00,21.990000
2013-09-18 00:00:00,22.080000
2013-09-19 00:00:00,22.630000
2013-09-20 00:00:00,21.970000
2013-09-23 00:00:00,22.020000
2013-09-24 00:00:00,22.000000
2013-09-25 00:00:00,21.900000
2013-09-26 00:00:00,21.900000
2013-09-27 00:00:00,21.860000
2013-09-30 00:00:00,21.950000
2013-10-01 00:00:00,22.200000
2013-10-02 00:00:00,22.070000
2013-10-03 00:00:00,22.200000
2013-10-04 00:00:00,22.350000
2013-10-07 00:00:00,22.320000
2013-10-08 00:00:00,22.550000
2013-10-09 00:00:00,22.550000
2013-10-10 00:00:00,22.650000
2013-10-11 00:00:00,22.940000
2013-10-14 00:00:00,22.790000
2013-10-15 00:00:00,23.000000
2013-10-16 00:00:00,22.980000
2013-10-17 00:00:00,22.950000
2013-10-18 00:00:00,23.050000
2013-10-21 00:00:00,23.120000
2013-10-22 00:00:00,23.120000
2013-10-23 00:00:00,22.650000
2013-10-24 00:00:00,22.820000
2013-10-25 00:00:00,22.990000
2013-10-28 00:00:00,23.030000
2013-10-29 00:00:00,22.740000
2013-10-30 00:00:00,22.740000
2013-10-31 00:00:00,22.580000
2013-11-01 00:00:00,22.640000
2013-11-04 00:00:00,22.600000
2013-11-05 00:00:00,22.550000
2013-11-06 00:00:00,22.870000
2013-11-07 00:00:00,23.070000
2013-11-08 00:00:00,22.840000
2013-11-11 00:00:00,22.670000
2013-11-12 00:00:00,22.770000
2013-11-13 00:00:00,22.400000
2013-11-14 00:00:00,23.030000
2013-11-15 00:00:00,22.810000
2013-11-18 00:00:00,22.810000
2013-11-19 00:00:00,22.810000
2013-11-20 00:00:00,22.600000
2013-11-21 00:00:00,22.610000
2013-11-22 00:00:00,22.700000
2013-11-25 00:00:00,22.500000
2013-11-26 00:00:00,22.550000
2013-11-27 00:00:00,22.330000
2013-11-28 00:00:00,22.360000
2013-11-29 00:00:00,22.570000
2013-12-02 00:00:00,22.690000
2013-12-03 00:00:00,22.660000
2013-12-04 00:00:00,22.650000
2013-12-05 00:00:00,22.540000
2013-12-06 00:00:00,22.650000
2013-12-09 00:00:00,22.550000
2013-12-10 00:00:00,22.450000
2013-12-11 00:00:00,22.250000
2013-12-12 00:00:00,22.200000
2013-12-13 00:00:00,21.940000
2013-12-16 00:00:00,21.750000
2013-12-17 00:00:00,21.920000
2013-12-18 00:00:00,22.370000
2013-12-19 00:00:00,22.390000
2013-12-20 00:00:00,22.890000
2013-12-23 00:00:00,23.010000
2013-12-24 00:00:00,22.930000
2013-12-27 00:00:00,22.870000
2013-12-30 00:00:00,22.630000
2013-12-31 00:00:00,22.600000
2014-01-02 00:00:00,22.650000
2014-01-03 00:00:00,22.450000
2014-01-06 00:00:00,22.340000
2014-01-07 00:00:00,22.550000
2014-01-08 00:00:00,22.430000
2014-01-09 00:00:00,22.260000
2014-01-10 00:00:00,22.170000
2014-01-13 00:00:00,22.310000
2014-01-14 00:00:00,22.250000
2014-01-15 00:00:00,22.130000
2014-01-16 00:00:00,22.040000
2014-01-17 00:00:00,22.000000
2014-01-20 00:00:00,22.050000
2014-01-21 00:00:00,21.950000
2014-01-22 00:00:00,21.940000
2014-01-23 00:00:00,21.510000
2014-01-24 00:00:00,21.170000
2014-01-27 00:00:00,20.630000
2014-01-28 00:00:00,20.550000
2014-01-29 00:00:00,20.450000
2014-01-30 00:00:00,20.380000
2014-01-31 00:00:00,20.350000
2014-02-03 00:00:00,20.090000
2014-02-04 00:00:00,20.270000
2014-02-05 00:00:00,20.420000
2014-02-06 00:00:00,20.680000
2014-02-07 00:00:00,20.930000
2014-02-10 00:00:00,21.190000
2014-02-11 00:00:00,21.360000
2014-02-12 00:00:00,21.460000
2014-02-13 00:00:00,20.920000
2014-02-14 00:00:00,21.000000
2014-02-17 00:00:00,20.880000
2014-02-18 00:00:00,20.790000
2014-02-19 00:00:00,20.830000
2014-02-20 00:00:00,20.410000
2014-02-21 00:00:00,21.020000
2014-02-24 00:00:00,20.930000
2014-02-25 00:00:00,20.580000
2014-02-26 00:00:00,20.260000
2014-02-27 00:00:00,20.060000
2014-02-28 00:00:00,19.900000
2014-03-03 00:00:00,18.090000
2014-03-04 00:00:00,19.540000
2014-03-05 00:00:00,19.790000
2014-03-06 00:00:00,19.460000
2014-03-07 00:00:00,19.600000
2014-03-10 00:00:00,19.390000
2014-03-11 00:00:00,20.810000
2014-03-12 00:00:00,19.320000
2014-03-13 00:00:00,18.600000
2014-03-14 00:00:00,18.610000
2014-03-17 00:00:00,18.750000
2014-03-18 00:00:00,19.000000
2014-03-19 00:00:00,19.610000
2014-03-20 00:00:00,19.120000
2014-03-21 00:00:00,18.760000
2014-03-24 00:00:00,18.970000
2014-03-25 00:00:00,19.450000
2014-03-26 00:00:00,20.100000
2014-03-27 00:00:00,20.490000
2014-03-28 00:00:00,20.240000
2014-03-31 00:00:00,20.600000
2014-04-01 00:00:00,20.400000
2014-04-02 00:00:00,19.940000
2014-04-03 00:00:00,19.900000
2014-04-04 00:00:00,20.180000
2014-04-07 00:00:00,19.390000
2014-04-08 00:00:00,19.780000
2014-04-09 00:00:00,20.150000
2014-04-10 00:00:00,20.400000
2014-04-11 00:00:00,20.180000
2014-04-14 00:00:00,20.050000
2014-04-15 00:00:00,19.970000
2014-04-16 00:00:00,19.970000
2014-04-17 00:00:00,19.710000
2014-04-22 00:00:00,19.970000
2014-04-23 00:00:00,19.820000
2014-04-24 00:00:00,19.390000
2014-04-25 00:00:00,18.920000
2014-04-28 00:00:00,18.940000
2014-04-29 00:00:00,18.930000
2014-04-30 00:00:00,19.870000
2014-05-01 00:00:00,19.700000
2014-05-02 00:00:00,19.480000
2014-05-06 00:00:00,19.580000
2014-05-07 00:00:00,20.100000
2014-05-08 00:00:00,20.080000
2014-05-09 00:00:00,20.000000
2014-05-12 00:00:00,20.040000
2014-05-13 00:00:00,20.310000
2014-05-14 00:00:00,20.570000
2014-05-15 00:00:00,20.460000
2014-05-16 00:00:00,20.490000
2014-05-19 00:00:00,20.610000
2014-05-20 00:00:00,20.810000
2014-05-21 00:00:00,20.600000
2014-05-22 00:00:00,20.600000
2014-05-23 00:00:00,20.600000
2014-05-27 00:00:00,20.360000
2014-05-28 00:00:00,20.450000
2014-05-29 00:00:00,20.210000
2014-05-30 00:00:00,20.200000
2014-06-02 00:00:00,20.460000
2014-06-03 00:00:00,21.330000
2014-06-04 00:00:00,21.460000
2014-06-05 00:00:00,21.500000
2014-06-06 00:00:00,21.570000
2014-06-09 00:00:00,21.810000
2014-06-10 00:00:00,21.750000
2014-06-11 00:00:00,22.200000
2014-06-12 00:00:00,22.550000
2014-06-13 00:00:00,22.370000
2014-06-16 00:00:00,22.220000
2014-06-17 00:00:00,22.400000
2014-06-18 00:00:00,22.690000
2014-06-19 00:00:00,21.820000
2014-06-20 00:00:00,21.510000
2014-06-23 00:00:00,22.310000
2014-06-24 00:00:00,22.500000
2014-06-25 00:00:00,22.130000
2014-06-26 00:00:00,21.760000
2014-06-27 00:00:00,22.050000
2014-06-30 00:00:00,22.080000
2014-07-01 00:00:00,21.890000
2014-07-02 00:00:00,22.170000
2014-07-03 00:00:00,21.640000
2014-07-04 00:00:00,21.540000
2014-07-07 00:00:00,22.050000
2014-07-08 00:00:00,22.120000
2014-07-09 00:00:00,21.730000
2014-07-10 00:00:00,20.900000
2014-07-11 00:00:00,21.290000
2014-07-14 00:00:00,20.900000
2014-07-15 00:00:00,20.800000
2014-07-16 00:00:00,20.560000
2014-07-17 00:00:00,19.900000
2014-07-18 00:00:00,20.000000
2014-07-21 00:00:00,19.600000
2014-07-22 00:00:00,19.520000
2014-07-23 00:00:00,19.580000
2014-07-24 00:00:00,19.450000
2014-07-25 00:00:00,19.190000
2014-07-28 00:00:00,18.800000
2014-07-29 00:00:00,18.600000
2014-07-30 00:00:00,18.600000
2014-07-31 00:00:00,18.740000
2014-08-01 00:00:00,18.400000
2014-08-04 00:00:00,18.730000
2014-08-05 00:00:00,18.330000
2014-08-06 00:00:00,17.900000
2014-08-07 00:00:00,17.760000
2014-08-08 00:00:00,17.900000
2014-08-11 00:00:00,18.720000
2014-08-12 00:00:00,19.280000
2014-08-13 00:00:00,19.590000
2014-08-14 00:00:00,19.470000
2014-08-15 00:00:00,19.660000
2014-08-18 00:00:00,19.600000
2014-08-19 00:00:00,19.890000
2014-08-20 00:00:00,20.550000
2014-08-21 00:00:00,20.440000
2014-08-22 00:00:00,20.380000
2014-08-26 00:00:00,20.450000
2014-08-27 00:00:00,20.600000
2014-08-28 00:00:00,19.650000
2014-08-29 00:00:00,19.250000
2014-09-01 00:00:00,19.050000
2014-09-02 00:00:00,18.850000
2014-09-03 00:00:00,19.870000
2014-09-04 00:00:00,19.950000
2014-09-05 00:00:00,20.000000
2014-09-08 00:00:00,19.400000
2014-09-09 00:00:00,19.550000
2014-09-10 00:00:00,19.650000
2014-09-11 00:00:00,19.220000
2014-09-12 00:00:00,19.500000
2014-09-15 00:00:00,19.190000
2014-09-16 00:00:00,19.610000
2014-09-17 00:00:00,19.300000
2014-09-18 00:00:00,19.300000
2014-09-19 00:00:00,19.100000
2014-09-22 00:00:00,19.140000
2014-09-23 00:00:00,19.070000
2014-09-24 00:00:00,19.100000
2014-09-25 00:00:00,19.100000
2014-09-26 00:00:00,18.750000
2014-09-29 00:00:00,19.390000
2014-09-30 00:00:00,19.120000
2014-10-01 00:00:00,18.910000
2014-10-02 00:00:00,19.020000
2014-10-03 00:00:00,19.310000
2014-10-06 00:00:00,19.500000
2014-10-07 00:00:00,19.430000
2014-10-08 00:00:00,19.310000
2014-10-09 00:00:00,18.850000
2014-10-10 00:00:00,18.390000
2014-10-13 00:00:00,18.430000
2014-10-14 00:00:00,18.400000
2014-10-15 00:00:00,18.750000
2014-10-16 00:00:00,18.310000
2014-10-17 00:00:00,18.000000
2014-10-20 00:00:00,17.820000
2014-10-21 00:00:00,17.800000
2014-10-22 00:00:00,17.850000
2014-10-23 00:00:00,17.800000
2014-10-24 00:00:00,17.500000
2014-10-27 00:00:00,17.860000
2014-10-28 00:00:00,17.970000
2014-10-29 00:00:00,18.160000
2014-10-30 00:00:00,18.450000
2014-10-31 00:00:00,18.190000
2014-11-03 00:00:00,18.010000
2014-11-04 00:00:00,17.850000
2014-11-05 00:00:00,17.350000
2014-11-06 00:00:00,17.120000
2014-11-07 00:00:00,17.060000
2014-11-10 00:00:00,17.360000
2014-11-11 00:00:00,16.990000
2014-11-12 00:00:00,17.330000
2014-11-13 00:00:00,16.830000
2014-11-14 00:00:00,16.500000
2014-11-17 00:00:00,16.430000
2014-11-18 00:00:00,16.700000
2014-11-19 00:00:00,16.700000
2014-11-20 00:00:00,17.100000
2014-11-21 00:00:00,17.470000
2014-11-24 00:00:00,17.530000
2014-11-25 00:00:00,17.090000
2014-11-26 00:00:00,16.900000
2014-11-27 00:00:00,16.940000
2014-11-28 00:00:00,16.260000
2014-12-01 00:00:00,15.600000
2014-12-02 00:00:00,15.250000
2014-12-03 00:00:00,15.140000
2014-12-04 00:00:00,15.150000
2014-12-05 00:00:00,15.300000
2014-12-08 00:00:00,14.610000
2014-12-09 00:00:00,14.650000
2014-12-10 00:00:00,14.230000
2014-12-11 00:00:00,13.470000
2014-12-12 00:00:00,12.940000
2014-12-15 00:00:00,11.410000
2014-12-16 00:00:00,10.500000
2014-12-17 00:00:00,11.680000
2014-12-18 00:00:00,13.140000
2014-12-19 00:00:00,12.290000
2014-12-22 00:00:00,13.000000
2014-12-23 00:00:00,13.000000
2014-12-24 00:00:00,12.750000
2014-12-29 00:00:00,12.360000
2014-12-30 00:00:00,11.680000
2014-12-31 00:00:00,11.270000
2015-01-02 00:00:00,11.520000
2015-01-05 00:00:00,12.140000
2015-01-06 00:00:00,11.650000
2015-01-07 00:00:00,11.570000
2015-01-08 00:00:00,11.540000
2015-01-09 00:00:00,11.700000
2015-01-12 00:00:00,11.330000
2015-01-13 00:00:00,10.990000
2015-01-14 00:00:00,10.870000
2015-01-15 00:00:00,11.080000
2015-01-16 00:00:00,10.980000
2015-01-19 00:00:00,11.170000
2015-01-20 00:00:00,11.550000
2015-01-21 00:00:00,11.990000
2015-01-22 00:00:00,12.320000
2015-01-23 00:00:00,12.400000
2015-01-26 00:00:00,11.500000
2015-01-27 00:00:00,11.710000
2015-01-28 00:00:00,11.720000
2015-01-29 00:00:00,11.600000
2015-01-30 00:00:00,11.630000
2015-02-02 00:00:00,11.800000
2015-02-03 00:00:00,12.360000
2015-02-04 00:00:00,12.500000
2015-02-05 00:00:00,12.550000
2015-02-06 00:00:00,12.830000
2015-02-09 00:00:00,12.920000
2015-02-10 00:00:00,13.060000
2015-02-11 00:00:00,13.500000
2015-02-12 00:00:00,14.180000
2015-02-13 00:00:00,14.950000
2015-02-16 00:00:00,14.420000
2015-02-17 00:00:00,14.500000
2015-02-18 00:00:00,14.730000
2015-02-19 00:00:00,13.830000
2015-02-20 00:00:00,13.800000
2015-02-23 00:00:00,13.370000
2015-02-24 00:00:00,12.760000
2015-02-25 00:00:00,13.300000
2015-02-26 00:00:00,13.790000
2015-02-27 00:00:00,14.070000
2015-03-02 00:00:00,13.970000
2015-03-03 00:00:00,14.160000
2015-03-04 00:00:00,13.860000
2015-03-05 00:00:00,14.200000
2015-03-06 00:00:00,14.070000
2015-03-09 00:00:00,13.450000
2015-03-10 00:00:00,13.120000
2015-03-11 00:00:00,12.680000
2015-03-12 00:00:00,13.050000
2015-03-13 00:00:00,12.810000
2015-03-16 00:00:00,12.460000
2015-03-17 00:00:00,12.500000
2015-03-18 00:00:00,12.450000
2015-03-19 00:00:00,13.200000
2015-03-20 00:00:00,12.900000
2015-03-23 00:00:00,13.450000
2015-03-24 00:00:00,13.100000
2015-03-25 00:00:00,13.200000
2015-03-26 00:00:00,13.600000
2015-03-27 00:00:00,13.400000
2015-03-30 00:00:00,13.450000
2015-03-31 00:00:00,13.300000
2015-04-01 00:00:00,13.350000
2015-04-02 00:00:00,13.600000
2015-04-07 00:00:00,14.000000
2015-04-08 00:00:00,13.950000
2015-04-09 00:00:00,14.150000
2015-04-10 00:00:00,14.100000
2015-04-13 00:00:00,14.250000
2015-04-14 00:00:00,14.350000
2015-04-15 00:00:00,14.500000
2015-04-16 00:00:00,14.500000
2015-04-17 00:00:00,14.000000
2015-04-20 00:00:00,13.650000
2015-04-21 00:00:00,13.750000
2015-04-22 00:00:00,13.550000
2015-04-23 00:00:00,13.800000
2015-04-24 00:00:00,14.000000
2015-04-27 00:00:00,14.000000
2015-04-28 00:00:00,13.500000
2015-04-29 00:00:00,13.750000
2015-04-30 00:00:00,13.750000
2015-05-01 00:00:00,13.900000
2015-05-05 00:00:00,14.150000
2015-05-06 00:00:00,14.300000
2015-05-07 00:00:00,14.200000
2015-05-08 00:00:00,14.000000
2015-05-11 00:00:00,13.900000
2015-05-12 00:00:00,13.950000
2015-05-13 00:00:00,14.000000
2015-05-14 00:00:00,14.000000
2015-05-15 00:00:00,14.000000
2015-05-18 00:00:00,14.100000
2015-05-19 00:00:00,14.000000
2015-05-20 00:00:00,14.000000
2015-05-21 00:00:00,14.000000
2015-05-22 00:00:00,14.000000
2015-05-26 00:00:00,14.000000
2015-05-27 00:00:00,13.650000
2015-05-28 00:00:00,13.200000
2015-05-29 00:00:00,13.150000
2015-06-01 00:00:00,13.000000
2015-06-02 00:00:00,12.600000
2015-06-03 00:00:00,12.300000
2015-06-04 00:00:00,12.150000
2015-06-05 00:00:00,12.000000
2015-06-08 00:00:00,12.300000
2015-06-09 00:00:00,12.550000
2015-06-10 00:00:00,12.650000
2015-06-11 00:00:00,12.700000
2015-06-12 00:00:00,12.400000
2015-06-15 00:00:00,12.850000
2015-06-16 00:00:00,12.750000
2015-06-17 00:00:00,12.800000
2015-06-18 00:00:00,12.900000
2015-06-19 00:00:00,12.450000
2015-06-22 00:00:00,12.550000
2015-06-23 00:00:00,12.650000
2015-06-24 00:00:00,12.500000
2015-06-25 00:00:00,12.250000
2015-06-26 00:00:00,12.300000
2015-06-29 00:00:00,12.100000
2015-06-30 00:00:00,12.050000
2015-07-01 00:00:00,12.050000
2015-07-02 00:00:00,12.100000
2015-07-03 00:00:00,12.200000
2015-07-06 00:00:00,12.000000
2015-07-07 00:00:00,11.700000
2015-07-08 00:00:00,11.800000
2015-07-09 00:00:00,12.250000
2015-07-10 00:00:00,12.050000
2015-07-13 00:00:00,12.250000
2015-07-14 00:00:00,12.250000
2015-07-15 00:00:00,12.400000
2015-07-16 00:00:00,12.450000
2015-07-17 00:00:00,12.300000
2015-07-20 00:00:00,12.250000
2015-07-21 00:00:00,12.100000
2015-07-22 00:00:00,11.800000
2015-07-23 00:00:00,11.600000
2015-07-24 00:00:00,11.350000
2015-07-27 00:00:00,11.300000
2015-07-28 00:00:00,11.000000
2015-07-29 00:00:00,11.400000
2015-07-30 00:00:00,11.600000
2015-07-31 00:00:00,11.450000
2015-08-03 00:00:00,10.950000
2015-08-04 00:00:00,11.300000
2015-08-05 00:00:00,11.100000
2015-08-06 00:00:00,10.950000
2015-08-07 00:00:00,11.000000
2015-08-10 00:00:00,10.950000
2015-08-11 00:00:00,11.100000
2015-08-12 00:00:00,11.050000
2015-08-13 00:00:00,11.500000
2015-08-14 00:00:00,11.300000
2015-08-17 00:00:00,11.400000
2015-08-18 00:00:00,10.900000
2015-08-19 00:00:00,11.100000
2015-08-20 00:00:00,10.800000
2015-08-21 00:00:00,10.800000
2015-08-24 00:00:00,10.250000
2015-08-25 00:00:00,10.550000
2015-08-26 00:00:00,10.400000
2015-08-27 00:00:00,11.150000
2015-08-28 00:00:00,11.500000
2015-09-01 00:00:00,11.450000
2015-09-02 00:00:00,11.600000
2015-09-03 00:00:00,11.500000
2015-09-04 00:00:00,11.650000
2015-09-07 00:00:00,11.300000
2015-09-08 00:00:00,11.550000
2015-09-09 00:00:00,11.600000
2015-09-10 00:00:00,11.050000
2015-09-11 00:00:00,11.250000
2015-09-14 00:00:00,11.500000
2015-09-15 00:00:00,11.400000
2015-09-16 00:00:00,11.900000
2015-09-17 00:00:00,11.700000
2015-09-18 00:00:00,11.250000
2015-09-21 00:00:00,11.100000
2015-09-22 00:00:00,10.900000
2015-09-23 00:00:00,10.950000
2015-09-24 00:00:00,10.900000
2015-09-25 00:00:00,11.000000
2015-09-28 00:00:00,11.000000
2015-09-29 00:00:00,11.000000
2015-09-30 00:00:00,11.000000
2015-10-01 00:00:00,10.950000
2015-10-02 00:00:00,11.000000
2015-10-05 00:00:00,11.600000
2015-10-06 00:00:00,11.750000
2015-10-07 00:00:00,12.200000
2015-10-08 00:00:00,12.450000
2015-10-09 00:00:00,12.550000
2015-10-12 00:00:00,12.400000
2015-10-13 00:00:00,12.000000
2015-10-14 00:00:00,11.900000
2015-10-15 00:00:00,11.950000
2015-10-16 00:00:00,11.800000
2015-10-19 00:00:00,11.750000
2015-10-20 00:00:00,11.900000
2015-10-21 00:00:00,11.550000
2015-10-22 00:00:00,11.700000
2015-10-23 00:00:00,11.600000
2015-10-26 00:00:00,11.750000
2015-10-27 00:00:00,11.400000
2015-10-28 00:00:00,11.400000
2015-10-29 00:00:00,11.350000
2015-10-30 00:00:00,11.350000
2015-11-02 00:00:00,11.400000
2015-11-03 00:00:00,11.700000
2015-11-04 00:00:00,11.750000
2015-11-05 00:00:00,11.700000
2015-11-06 00:00:00,11.550000
2015-11-09 00:00:00,11.350000
2015-11-10 00:00:00,11.300000
2015-11-11 00:00:00,11.500000
2015-11-12 00:00:00,11.000000
2015-11-13 00:00:00,10.900000
2015-11-16 00:00:00,11.150000
2015-11-17 00:00:00,11.100000
2015-11-18 00:00:00,11.500000
2015-11-19 00:00:00,11.450000
2015-11-20 00:00:00,11.400000
2015-11-23 00:00:00,11.250000
2015-11-24 00:00:00,11.250000
2015-11-25 00:00:00,11.100000
2015-11-26 00:00:00,11.350000
2015-11-27 00:00:00,11.300000
2015-11-30 00:00:00,11.200000
2015-12-01 00:00:00,11.300000
2015-12-02 00:00:00,11.200000
2015-12-03 00:00:00,11.200000
2015-12-04 00:00:00,11.300000
2015-12-07 00:00:00,11.050000
2015-12-08 00:00:00,10.600000
2015-12-09 00:00:00,10.650000
2015-12-10 00:00:00,10.650000
2015-12-11 00:00:00,10.600000
2015-12-14 00:00:00,10.700000
2015-12-15 00:00:00,10.650000
2015-12-16 00:00:00,10.750000
2015-12-17 00:00:00,10.700000
2015-12-18 00:00:00,10.600000
2015-12-21 00:00:00,10.650000
2015-12-22 00:00:00,10.700000
2015-12-23 00:00:00,10.850000
2015-12-24 00:00:00,11.000000
2015-12-29 00:00:00,10.700000
2015-12-30 00:00:00,10.650000
2015-12-31 00:00:00,10.650000
2016-01-04 00:00:00,10.650000
2016-01-05 00:00:00,10.600000
2016-01-06 00:00:00,10.600000
2016-01-07 00:00:00,10.450000
2016-01-08 00:00:00,10.400000
2016-01-11 00:00:00,10.300000
2016-01-12 00:00:00,10.100000
2016-01-13 00:00:00,10.100000
2016-01-14 00:00:00,9.790000
2016-01-15 00:00:00,9.650000
2016-01-18 00:00:00,9.200000
2016-01-19 00:00:00,9.190000
2016-01-20 00:00:00,8.800000
2016-01-21 00:00:00,8.400000
2016-01-22 00:00:00,9.160000
2016-01-25 00:00:00,8.830000
2016-01-26 00:00:00,9.100000
2016-01-27 00:00:00,9.200000
2016-01-28 00:00:00,8.950000
2016-01-29 00:00:00,9.710000
2016-02-01 00:00:00,9.530000
2016-02-02 00:00:00,9.130000
2016-02-03 00:00:00,9.150000
2016-02-04 00:00:00,9.730000
2016-02-05 00:00:00,9.580000
2016-02-08 00:00:00,9.320000
2016-02-09 00:00:00,9.210000
2016-02-10 00:00:00,9.230000
2016-02-11 00:00:00,8.910000
2016-02-12 00:00:00,9.050000
2016-02-15 00:00:00,9.340000
2016-02-16 00:00:00,9.150000
2016-02-17 00:00:00,9.510000
2016-02-18 00:00:00,9.630000
2016-02-19 00:00:00,9.250000
2016-02-22 00:00:00,9.500000
2016-02-23 00:00:00,9.460000
2016-02-24 00:00:00,9.240000
2016-02-25 00:00:00,9.410000
2016-02-26 00:00:00,9.600000
2016-02-29 00:00:00,9.800000
2016-03-01 00:00:00,9.950000
2016-03-02 00:00:00,9.710000
2016-03-03 00:00:00,10.000000
2016-03-04 00:00:00,10.100000
2016-03-07 00:00:00,10.400000
2016-03-08 00:00:00,10.300000
2016-03-09 00:00:00,10.300000
2016-03-10 00:00:00,10.000000
2016-03-11 00:00:00,10.300000
2016-03-14 00:00:00,10.250000
2016-03-15 00:00:00,10.100000
2016-03-16 00:00:00,10.100000
2016-03-17 00:00:00,10.500000
2016-03-18 00:00:00,10.650000
2016-03-21 00:00:00,10.600000
2016-03-22 00:00:00,10.750000
2016-03-23 00:00:00,10.900000
2016-03-24 00:00:00,10.700000
2016-03-29 00:00:00,10.700000
2016-03-30 00:00:00,11.100000
2016-03-31 00:00:00,11.150000
2016-04-01 00:00:00,11.000000
2016-04-04 00:00:00,11.050000
2016-04-05 00:00:00,10.850000
2016-04-06 00:00:00,10.900000
2016-04-07 00:00:00,10.900000
2016-04-08 00:00:00,11.050000
2016-04-11 00:00:00,11.250000
2016-04-12 00:00:00,11.300000
2016-04-13 00:00:00,11.450000
2016-04-14 00:00:00,11.400000
2016-04-15 00:00:00,11.350000
2016-04-18 00:00:00,11.100000
2016-04-19 00:00:00,11.700000
2016-04-20 00:00:00,11.800000
2016-04-21 00:00:00,11.650000
2016-04-22 00:00:00,11.800000
2016-04-25 00:00:00,11.750000
2016-04-26 00:00:00,11.700000
2016-04-27 00:00:00,11.850000
2016-04-28 00:00:00,11.900000
2016-04-29 00:00:00,11.800000
2016-05-03 00:00:00,11.750000
2016-05-04 00:00:00,11.750000
2016-05-05 00:00:00,11.950000
2016-05-06 00:00:00,11.750000
2016-05-09 00:00:00,11.950000
2016-05-10 00:00:00,11.800000
2016-05-11 00:00:00,12.050000
2016-05-12 00:00:00,11.950000
2016-05-13 00:00:00,11.750000
2016-05-16 00:00:00,12.300000
2016-05-17 00:00:00,12.300000
2016-05-18 00:00:00,12.000000
2016-05-19 00:00:00,12.050000
2016-05-20 00:00:00,12.050000
2016-05-23 00:00:00,11.850000
2016-05-24 00:00:00,11.800000
2016-05-25 00:00:00,12.200000
2016-05-26 00:00:00,12.200000
2016-05-27 00:00:00,11.750000
2016-05-31 00:00:00,12.400000
2016-06-01 00:00:00,11.750000
2016-06-02 00:00:00,12.050000
2016-06-03 00:00:00,12.850000
2016-06-06 00:00:00,12.650000
2016-06-07 00:00:00,12.650000
2016-06-08 00:00:00,13.300000
2016-06-09 00:00:00,12.450000
2016-06-10 00:00:00,12.600000
2016-06-13 00:00:00,12.300000
2016-06-14 00:00:00,12.000000
2016-06-15 00:00:00,12.200000
2016-06-16 00:00:00,12.050000
2016-06-17 00:00:00,12.400000
2016-06-20 00:00:00,12.400000
2016-06-21 00:00:00,12.200000
2016-06-22 00:00:00,12.700000
2016-06-23 00:00:00,12.450000
2016-06-24 00:00:00,12.100000
2016-06-27 00:00:00,12.050000
2016-06-28 00:00:00,12.100000
2016-06-29 00:00:00,12.600000
2016-06-30 00:00:00,12.700000
2016-07-01 00:00:00,13.150000
2016-07-04 00:00:00,12.650000
2016-07-05 00:00:00,12.750000
2016-07-06 00:00:00,12.800000
2016-07-07 00:00:00,13.000000
2016-07-08 00:00:00,12.950000
2016-07-11 00:00:00,13.150000
2016-07-12 00:00:00,12.800000
2016-07-13 00:00:00,13.050000
2016-07-14 00:00:00,13.000000
2016-07-15 00:00:00,13.000000
2016-07-18 00:00:00,13.000000
2016-07-19 00:00:00,12.900000
2016-07-20 00:00:00,12.800000
2016-07-21 00:00:00,12.850000
2016-07-22 00:00:00,12.900000
2016-07-25 00:00:00,12.650000
2016-07-26 00:00:00,12.450000
2016-07-27 00:00:00,12.500000
2016-07-28 00:00:00,12.250000
2016-07-29 00:00:00,12.200000
2016-08-01 00:00:00,12.500000
2016-08-02 00:00:00,12.300000
2016-08-03 00:00:00,12.350000
2016-08-04 00:00:00,12.350000
2016-08-05 00:00:00,12.550000
2016-08-08 00:00:00,12.600000
2016-08-09 00:00:00,12.600000
2016-08-10 00:00:00,12.500000
2016-08-11 00:00:00,12.500000
2016-08-12 00:00:00,12.650000
2016-08-15 00:00:00,13.000000
2016-08-16 00:00:00,12.900000
2016-08-17 00:00:00,13.100000
2016-08-18 00:00:00,13.300000
2016-08-19 00:00:00,13.250000
2016-08-22 00:00:00,13.050000
2016-08-23 00:00:00,13.050000
2016-08-24 00:00:00,13.450000
2016-08-25 00:00:00,13.150000
2016-08-26 00:00:00,13.450000
2016-08-30 00:00:00,13.200000
2016-08-31 00:00:00,13.050000
2016-09-01 00:00:00,12.900000
2016-09-02 00:00:00,13.050000
2016-09-05 00:00:00,13.150000
2016-09-06 00:00:00,13.050000
2016-09-07 00:00:00,13.500000
2016-09-08 00:00:00,13.650000
2016-09-09 00:00:00,13.350000
2016-09-12 00:00:00,13.450000
2016-09-13 00:00:00,13.500000
2016-09-14 00:00:00,13.600000
2016-09-15 00:00:00,13.450000
2016-09-16 00:00:00,13.550000
2016-09-19 00:00:00,13.600000
2016-09-20 00:00:00,13.700000
2016-09-21 00:00:00,13.750000
2016-09-22 00:00:00,13.950000
2016-09-23 00:00:00,13.900000
2016-09-26 00:00:00,13.950000
2016-09-27 00:00:00,13.850000
2016-09-28 00:00:00,13.850000
2016-09-29 00:00:00,13.950000
2016-09-30 00:00:00,13.950000
2016-10-03 00:00:00,14.050000
2016-10-04 00:00:00,14.050000
2016-10-05 00:00:00,13.950000
2016-10-06 00:00:00,14.100000
2016-10-07 00:00:00,14.100000
2016-10-10 00:00:00,14.200000
2016-10-11 00:00:00,14.100000
2016-10-12 00:00:00,14.050000
2016-10-13 00:00:00,14.000000
2016-10-14 00:00:00,14.100000
2016-10-17 00:00:00,14.000000
2016-10-18 00:00:00,14.000000
2016-10-19 00:00:00,14.300000
2016-10-20 00:00:00,14.250000
2016-10-21 00:00:00,14.450000
2016-10-24 00:00:00,14.400000
2016-10-25 00:00:00,14.450000
2016-10-26 00:00:00,14.450000
2016-10-27 00:00:00,14.850000
2016-10-28 00:00:00,14.500000
2016-10-31 00:00:00,14.550000
2016-11-01 00:00:00,14.600000
2016-11-02 00:00:00,14.400000
2016-11-03 00:00:00,14.300000
2016-11-04 00:00:00,14.450000
2016-11-07 00:00:00,14.300000
2016-11-08 00:00:00,14.100000
2016-11-09 00:00:00,14.250000
2016-11-10 00:00:00,14.300000
2016-11-11 00:00:00,13.700000
2016-11-14 00:00:00,13.500000
2016-11-15 00:00:00,14.000000
2016-11-16 00:00:00,14.350000
2016-11-17 00:00:00,14.450000
2016-11-18 00:00:00,14.450000
2016-11-21 00:00:00,14.750000
2016-11-22 00:00:00,14.800000
2016-11-23 00:00:00,14.950000
2016-11-24 00:00:00,15.500000
2016-11-25 00:00:00,15.100000
2016-11-28 00:00:00,14.900000
2016-11-29 00:00:00,15.150000
2016-11-30 00:00:00,15.600000
2016-12-01 00:00:00,15.750000
2016-12-02 00:00:00,15.950000
2016-12-05 00:00:00,16.000000
2016-12-06 00:00:00,16.000000
2016-12-07 00:00:00,15.900000
2016-12-08 00:00:00,16.500000
2016-12-09 00:00:00,16.450000
2016-12-12 00:00:00,16.800000
2016-12-13 00:00:00,16.900000
2016-12-14 00:00:00,16.750000
2016-12-15 00:00:00,16.750000
2016-12-16 00:00:00,16.750000
2016-12-19 00:00:00,16.850000
2016-12-20 00:00:00,17.000000
2016-12-21 00:00:00,17.150000
2016-12-22 00:00:00,17.000000
2016-12-23 00:00:00,17.100000
2016-12-28 00:00:00,17.200000
2016-12-29 00:00:00,17.450000
2016-12-30 00:00:00,17.550000
2017-01-03 00:00:00,18.550000
2017-01-04 00:00:00,19.100000
2017-01-05 00:00:00,19.050000
2017-01-06 00:00:00,18.850000
2017-01-09 00:00:00,19.000000
2017-01-10 00:00:00,19.100000
2017-01-11 00:00:00,18.800000
2017-01-12 00:00:00,19.300000
2017-01-13 00:00:00,18.900000
2017-01-16 00:00:00,18.800000
2017-01-17 00:00:00,19.350000
2017-01-18 00:00:00,19.050000
2017-01-19 00:00:00,18.850000
2017-01-20 00:00:00,18.850000
2017-01-23 00:00:00,18.800000
2017-01-24 00:00:00,19.200000
2017-01-25 00:00:00,18.900000
2017-01-26 00:00:00,19.000000
2017-01-27 00:00:00,19.000000
2017-01-30 00:00:00,19.000000
2017-01-31 00:00:00,19.450000
2017-02-01 00:00:00,19.200000
2017-02-02 00:00:00,19.300000
2017-02-03 00:00:00,19.600000
2017-02-06 00:00:00,19.600000
2017-02-07 00:00:00,19.600000
2017-02-08 00:00:00,19.700000
2017-02-09 00:00:00,19.850000
2017-02-10 00:00:00,19.800000
2017-02-13 00:00:00,19.950000
2017-02-14 00:00:00,19.800000
2017-02-15 00:00:00,20.150000
2017-02-16 00:00:00,20.200000
2017-02-17 00:00:00,20.400000
2017-02-20 00:00:00,20.300000
2017-02-21 00:00:00,20.350000
2017-02-22 00:00:00,20.450000
2017-02-23 00:00:00,20.400000
2017-02-24 00:00:00,20.400000
2017-02-27 00:00:00,20.050000
2017-02-28 00:00:00,19.750000
2017-03-01 00:00:00,19.300000
2017-03-02 00:00:00,19.300000
2017-03-03 00:00:00,18.700000
2017-03-06 00:00:00,18.450000
2017-03-07 00:00:00,17.500000
2017-03-08 00:00:00,16.950000
2017-03-09 00:00:00,16.700000
2017-03-10 00:00:00,16.700000
2017-03-13 00:00:00,17.450000
2017-03-14 00:00:00,17.650000
2017-03-15 00:00:00,17.250000
2017-03-16 00:00:00,17.450000
2017-03-17 00:00:00,17.700000
2017-03-20 00:00:00,17.700000
2017-03-21 00:00:00,17.450000
2017-03-22 00:00:00,17.000000
2017-03-23 00:00:00,17.300000
2017-03-24 00:00:00,17.600000
2017-03-27 00:00:00,17.400000
2017-03-28 00:00:00,17.350000
2017-03-29 00:00:00,17.550000
2017-03-30 00:00:00,18.150000
2017-03-31 00:00:00,17.950000
2017-04-03 00:00:00,18.400000
2017-04-04 00:00:00,18.350000
2017-04-05 00:00:00,18.550000
2017-04-06 00:00:00,18.600000
2017-04-07 00:00:00,18.150000
2017-04-10 00:00:00,17.600000
2017-04-11 00:00:00,17.600000
2017-04-12 00:00:00,17.400000
2017-04-13 00:00:00,17.800000
2017-04-18 00:00:00,18.200000
2017-04-19 00:00:00,17.950000
2017-04-20 00:00:00,17.700000
2017-04-21 00:00:00,17.600000
2017-04-24 00:00:00,17.750000
2017-04-25 00:00:00,17.650000
2017-04-26 00:00:00,17.500000
2017-04-27 00:00:00,17.250000
2017-04-28 00:00:00,17.600000
2017-05-02 00:00:00,17.650000
2017-05-03 00:00:00,17.400000
2017-05-04 00:00:00,17.150000
2017-05-05 00:00:00,16.900000
2017-05-08 00:00:00,16.750000
2017-05-09 00:00:00,16.800000
2017-05-10 00:00:00,17.100000
2017-05-11 00:00:00,17.000000
2017-05-12 00:00:00,17.100000
2017-05-15 00:00:00,17.200000
2017-05-16 00:00:00,17.100000
2017-05-17 00:00:00,16.700000
2017-05-18 00:00:00,16.650000
2017-05-19 00:00:00,16.850000
2017-05-22 00:00:00,17.100000
2017-05-23 00:00:00,17.250000
2017-05-24 00:00:00,17.100000
2017-05-25 00:00:00,17.700000
2017-05-26 00:00:00,17.450000
2017-05-30 00:00:00,17.850000
2017-05-31 00:00:00,17.400000
2017-06-01 00:00:00,17.300000
2017-06-02 00:00:00,17.200000
2017-06-05 00:00:00,17.450000
2017-06-06 00:00:00,17.550000
2017-06-07 00:00:00,17.300000
2017-06-08 00:00:00,17.100000
2017-06-09 00:00:00,17.400000
2017-06-12 00:00:00,17.400000
2017-06-13 00:00:00,17.050000
2017-06-14 00:00:00,16.250000
2017-06-15 00:00:00,16.000000
2017-06-16 00:00:00,16.000000
2017-06-19 00:00:00,15.950000
2017-06-20 00:00:00,15.750000
2017-06-21 00:00:00,15.750000
2017-06-22 00:00:00,15.650000
2017-06-23 00:00:00,15.350000
2017-06-26 00:00:00,15.500000
2017-06-27 00:00:00,15.650000
2017-06-28 00:00:00,15.300000
2017-06-29 00:00:00,15.500000
2017-06-30 00:00:00,15.300000
2017-07-03 00:00:00,15.150000
2017-07-04 00:00:00,15.400000
2017-07-05 00:00:00,15.250000
2017-07-06 00:00:00,15.450000
2017-07-07 00:00:00,15.450000
2017-07-10 00:00:00,15.400000
2017-07-11 00:00:00,15.500000
2017-07-12 00:00:00,15.800000
2017-07-13 00:00:00,15.650000
2017-07-14 00:00:00,16.000000
2017-07-17 00:00:00,16.050000
2017-07-18 00:00:00,16.100000
2017-07-19 00:00:00,16.350000
2017-07-20 00:00:00,16.750000
2017-07-21 00:00:00,16.550000
2017-07-24 00:00:00,16.000000
2017-07-25 00:00:00,16.000000
2017-07-26 00:00:00,16.300000
2017-07-27 00:00:00,16.650000
2017-07-28 00:00:00,16.500000
2017-07-31 00:00:00,16.650000
2017-08-01 00:00:00,17.000000
2017-08-02 00:00:00,16.850000
2017-08-03 00:00:00,17.050000
2017-08-04 00:00:00,17.050000
2017-08-07 00:00:00,17.200000
2017-08-08 00:00:00,17.400000
2017-08-09 00:00:00,17.200000
2017-08-10 00:00:00,17.200000
2017-08-11 00:00:00,17.050000
2017-08-14 00:00:00,17.350000
2017-08-15 00:00:00,17.100000
2017-08-16 00:00:00,17.450000
2017-08-17 00:00:00,17.600000
2017-08-18 00:00:00,17.650000
2017-08-21 00:00:00,17.800000
2017-08-22 00:00:00,17.850000
2017-08-23 00:00:00,17.400000
2017-08-24 00:00:00,17.250000
2017-08-25 00:00:00,17.750000
2017-08-29 00:00:00,17.550000
2017-08-30 00:00:00,17.800000
2017-08-31 00:00:00,18.200000
2017-09-01 00:00:00,18.150000
2017-09-04 00:00:00,17.850000
2017-09-05 00:00:00,18.000000
2017-09-06 00:00:00,18.100000
2017-09-07 00:00:00,18.500000
2017-09-08 00:00:00,19.800000
2017-09-11 00:00:00,19.800000
2017-09-12 00:00:00,19.600000
2017-09-13 00:00:00,19.600000
2017-09-14 00:00:00,20.000000
2017-09-15 00:00:00,19.550000
2017-09-18 00:00:00,19.900000
2017-09-19 00:00:00,19.350000
2017-09-20 00:00:00,19.200000
2017-09-21 00:00:00,19.100000
2017-09-22 00:00:00,18.900000
2017-09-25 00:00:00,18.900000
2017-09-26 00:00:00,19.400000
2017-09-27 00:00:00,19.350000
2017-09-28 00:00:00,19.600000
2017-09-29 00:00:00,19.700000
2017-10-02 00:00:00,19.600000
2017-10-03 00:00:00,19.500000
2017-10-04 00:00:00,19.700000
2017-10-05 00:00:00,19.750000
2017-10-06 00:00:00,19.700000
2017-10-09 00:00:00,19.650000
2017-10-10 00:00:00,19.450000
2017-10-11 00:00:00,19.600000
2017-10-12 00:00:00,19.500000
2017-10-13 00:00:00,20.000000
2017-10-16 00:00:00,20.700000
2017-10-17 00:00:00,20.750000
2017-10-18 00:00:00,20.950000
2017-10-19 00:00:00,20.850000
2017-10-20 00:00:00,20.200000
2017-10-23 00:00:00,20.350000
2017-10-24 00:00:00,20.250000
2017-10-25 00:00:00,20.000000
2017-10-26 00:00:00,19.950000
2017-10-27 00:00:00,20.200000
2017-10-30 00:00:00,20.250000
2017-10-31 00:00:00,20.850000
2017-11-01 00:00:00,21.200000
2017-11-02 00:00:00,20.900000
2017-11-03 00:00:00,21.300000
2017-11-06 00:00:00,21.400000
2017-11-07 00:00:00,22.250000
2017-11-08 00:00:00,22.000000
2017-11-09 00:00:00,21.950000
2017-11-10 00:00:00,21.600000
2017-11-13 00:00:00,21.800000
2017-11-14 00:00:00,21.450000
2017-11-15 00:00:00,21.100000
2017-11-16 00:00:00,21.150000
2017-11-17 00:00:00,21.600000
2017-11-20 00:00:00,21.600000
2017-11-21 00:00:00,21.950000
2017-11-22 00:00:00,22.250000
2017-11-23 00:00:00,22.100000
2017-11-24 00:00:00,22.150000
2017-11-27 00:00:00,22.650000
2017-11-28 00:00:00,22.300000
2017-11-29 00:00:00,22.200000
2017-11-30 00:00:00,21.300000
2017-12-01 00:00:00,21.500000
2017-12-04 00:00:00,21.450000
2017-12-05 00:00:00,21.200000
2017-12-06 00:00:00,19.550000
2017-12-07 00:00:00,20.800000
2017-12-08 00:00:00,20.600000
2017-12-11 00:00:00,21.150000
2017-12-12 00:00:00,21.150000
2017-12-13 00:00:00,21.050000
2017-12-14 00:00:00,21.450000
2017-12-15 00:00:00,21.500000
2017-12-18 00:00:00,21.150000
2017-12-19 00:00:00,21.050000
2017-12-20 00:00:00,20.850000
2017-12-21 00:00:00,20.850000
2017-12-22 00:00:00,21.000000
2017-12-27 00:00:00,21.550000
2017-12-28 00:00:00,21.300000
2017-12-29 00:00:00,21.500000
2018-01-02 00:00:00,21.550000
2018-01-03 00:00:00,21.250000
2018-01-04 00:00:00,21.250000
2018-01-05 00:00:00,21.300000
2018-01-08 00:00:00,21.800000
2018-01-09 00:00:00,22.450000
2018-01-10 00:00:00,22.350000
2018-01-11 00:00:00,22.650000
2018-01-12 00:00:00,23.400000
2018-01-15 00:00:00,22.850000
2018-01-16 00:00:00,22.900000
2018-01-17 00:00:00,22.800000
2018-01-18 00:00:00,23.750000
2018-01-19 00:00:00,23.400000
2018-01-22 00:00:00,23.050000
2018-01-23 00:00:00,23.600000
2018-01-24 00:00:00,24.000000
2018-01-25 00:00:00,24.800000
2018-01-26 00:00:00,24.600000
2018-01-29 00:00:00,24.850000
2018-01-30 00:00:00,24.900000
2018-01-31 00:00:00,24.750000
2018-02-01 00:00:00,24.800000
2018-02-02 00:00:00,25.150000
2018-02-05 00:00:00,24.750000
2018-02-06 00:00:00,23.950000
2018-02-07 00:00:00,24.400000
2018-02-08 00:00:00,24.500000
2018-02-09 00:00:00,23.900000
2018-02-12 00:00:00,24.000000
2018-02-13 00:00:00,24.400000
2018-02-14 00:00:00,24.200000
2018-02-15 00:00:00,25.050000
2018-02-16 00:00:00,24.850000
2018-02-19 00:00:00,24.850000
2018-02-20 00:00:00,25.050000
2018-02-21 00:00:00,24.550000
2018-02-22 00:00:00,24.900000
2018-02-23 00:00:00,24.900000
2018-02-26 00:00:00,25.250000
2018-02-27 00:00:00,25.250000
2018-02-28 00:00:00,25.450000
2018-03-01 00:00:00,25.750000
2018-03-02 00:00:00,25.350000
2018-03-05 00:00:00,25.600000
2018-03-06 00:00:00,26.000000
2018-03-07 00:00:00,25.500000
2018-03-08 00:00:00,25.500000
2018-03-09 00:00:00,25.950000
2018-03-12 00:00:00,25.550000
2018-03-13 00:00:00,25.300000
2018-03-14 00:00:00,25.000000
2018-03-15 00:00:00,24.650000
2018-03-16 00:00:00,24.750000
2018-03-19 00:00:00,24.900000
2018-03-20 00:00:00,25.200000
2018-03-21 00:00:00,25.600000
2018-03-22 00:00:00,25.150000
2018-03-23 00:00:00,25.050000
2018-03-26 00:00:00,25.400000
2018-03-27 00:00:00,25.650000
2018-03-28 00:00:00,25.500000
2018-03-29 00:00:00,25.800000
2018-04-03 00:00:00,25.950000
2018-04-04 00:00:00,26.250000
2018-04-05 00:00:00,27.200000
2018-04-06 00:00:00,27.000000
2018-04-09 00:00:00,24.750000
2018-04-10 00:00:00,24.000000
2018-04-11 00:00:00,22.650000
2018-04-12 00:00:00,23.900000
2018-04-13 00:00:00,23.850000
2018-04-16 00:00:00,24.350000
2018-04-17 00:00:00,24.700000
2018-04-18 00:00:00,25.200000
2018-04-19 00:00:00,24.600000
2018-04-20 00:00:00,24.450000
2018-04-23 00:00:00,24.500000
2018-04-24 00:00:00,24.350000
2018-04-25 00:00:00,23.800000
2018-04-26 00:00:00,24.050000
2018-04-27 00:00:00,24.600000
2018-04-30 00:00:00,24.500000
2018-05-01 00:00:00,24.700000
2018-05-02 00:00:00,24.100000
2018-05-03 00:00:00,24.050000
2018-05-04 00:00:00,24.300000
2018-05-08 00:00:00,24.800000
2018-05-09 00:00:00,24.700000
2018-05-10 00:00:00,25.300000
2018-05-11 00:00:00,26.500000
2018-05-14 00:00:00,26.250000
2018-05-15 00:00:00,26.150000
2018-05-16 00:00:00,26.500000
2018-05-17 00:00:00,25.900000
2018-05-18 00:00:00,26.000000
2018-05-21 00:00:00,26.250000
2018-05-22 00:00:00,26.900000
2018-05-23 00:00:00,26.950000
2018-05-24 00:00:00,27.100000
2018-05-25 00:00:00,26.700000
2018-05-29 00:00:00,26.450000
2018-05-30 00:00:00,26.400000
2018-05-31 00:00:00,25.550000
2018-06-01 00:00:00,25.550000
2018-06-04 00:00:00,25.700000
2018-06-05 00:00:00,25.900000
2018-06-06 00:00:00,26.400000
2018-06-07 00:00:00,26.250000
2018-06-08 00:00:00,26.000000
2018-06-11 00:00:00,26.300000
2018-06-12 00:00:00,26.500000
2018-06-13 00:00:00,25.750000
2018-06-14 00:00:00,25.750000
2018-06-15 00:00:00,25.500000
2018-06-18 00:00:00,25.150000
2018-06-19 00:00:00,24.900000
2018-06-20 00:00:00,24.200000
2018-06-21 00:00:00,24.150000
2018-06-22 00:00:00,24.600000
2018-06-25 00:00:00,24.400000
2018-06-26 00:00:00,24.450000
2018-06-27 00:00:00,24.650000
2018-06-28 00:00:00,24.650000
2018-06-29 00:00:00,25.600000
2018-07-02 00:00:00,25.500000
2018-07-03 00:00:00,26.100000
2018-07-04 00:00:00,26.050000
2018-07-05 00:00:00,26.450000
2018-07-06 00:00:00,26.050000
2018-07-09 00:00:00,26.900000
2018-07-10 00:00:00,27.300000
2018-07-11 00:00:00,27.300000
2018-07-12 00:00:00,27.100000
2018-07-13 00:00:00,27.150000
2018-07-16 00:00:00,27.200000
2018-07-17 00:00:00,26.800000
2018-07-18 00:00:00,27.100000
2018-07-19 00:00:00,26.500000
2018-07-20 00:00:00,26.750000
2018-07-23 00:00:00,26.900000
2018-07-24 00:00:00,26.650000
2018-07-25 00:00:00,26.050000
2018-07-26 00:00:00,25.950000
2018-07-27 00:00:00,26.300000
2018-07-30 00:00:00,26.000000
2018-07-31 00:00:00,25.950000
2018-08-01 00:00:00,26.550000
2018-08-02 00:00:00,25.900000
2018-08-03 00:00:00,25.900000
2018-08-06 00:00:00,25.850000
2018-08-07 00:00:00,25.800000
2018-08-08 00:00:00,24.400000
2018-08-09 00:00:00,24.600000
2018-08-10 00:00:00,24.850000
2018-08-13 00:00:00,24.750000
2018-08-14 00:00:00,24.950000
2018-08-15 00:00:00,24.500000
2018-08-16 00:00:00,25.950000
2018-08-17 00:00:00,25.000000
2018-08-20 00:00:00,24.950000
2018-08-21 00:00:00,25.000000
2018-08-22 00:00:00,24.800000
2018-08-23 00:00:00,24.200000
2018-08-24 00:00:00,24.700000
2018-08-28 00:00:00,24.800000
2018-08-29 00:00:00,24.800000
2018-08-30 00:00:00,24.700000
2018-08-31 00:00:00,24.700000
2018-09-03 00:00:00,24.900000
2018-09-04 00:00:00,24.600000
2018-09-05 00:00:00,24.200000
2018-09-06 00:00:00,23.700000
2018-09-07 00:00:00,23.350000
2018-09-10 00:00:00,23.600000
2018-09-11 00:00:00,23.100000
2018-09-12 00:00:00,23.050000
2018-09-13 00:00:00,23.300000
2018-09-14 00:00:00,24.050000
2018-09-17 00:00:00,24.500000
2018-09-18 00:00:00,24.550000
2018-09-19 00:00:00,24.900000
2018-09-20 00:00:00,25.150000
2018-09-21 00:00:00,25.250000
2018-09-24 00:00:00,26.150000
2018-09-25 00:00:00,26.500000
2018-09-26 00:00:00,27.000000
2018-09-27 00:00:00,27.150000
2018-09-28 00:00:00,28.500000
2018-10-01 00:00:00,27.950000
2018-10-02 00:00:00,28.050000
2018-10-03 00:00:00,28.650000
2018-10-04 00:00:00,28.700000
2018-10-05 00:00:00,29.000000
2018-10-08 00:00:00,29.350000
2018-10-09 00:00:00,29.550000
2018-10-10 00:00:00,29.250000
2018-10-11 00:00:00,28.250000
2018-10-12 00:00:00,29.300000
2018-10-15 00:00:00,30.150000
2018-10-16 00:00:00,30.200000
2018-10-17 00:00:00,29.300000
2018-10-18 00:00:00,28.400000
2018-10-19 00:00:00,28.000000
2018-10-22 00:00:00,28.100000
2018-10-23 00:00:00,27.700000
2018-10-24 00:00:00,28.850000
2018-10-25 00:00:00,28.350000
2018-10-26 00:00:00,27.800000
2018-10-29 00:00:00,28.450000
2018-10-30 00:00:00,28.850000
2018-10-31 00:00:00,29.600000
2018-11-01 00:00:00,29.600000
2018-11-02 00:00:00,29.400000
2018-11-05 00:00:00,29.150000
2018-11-06 00:00:00,29.200000
2018-11-07 00:00:00,29.650000
2018-11-08 00:00:00,29.100000
2018-11-09 00:00:00,27.900000
2018-11-12 00:00:00,29.350000
2018-11-13 00:00:00,27.650000
2018-11-14 00:00:00,27.800000
2018-11-15 00:00:00,28.000000
2018-11-16 00:00:00,28.250000
2018-11-19 00:00:00,28.000000
2018-11-20 00:00:00,27.000000
2018-11-21 00:00:00,27.150000
2018-11-22 00:00:00,27.200000
2018-11-23 00:00:00,26.550000
2018-11-26 00:00:00,25.950000
2018-11-27 00:00:00,26.900000
2018-11-28 00:00:00,27.100000
2018-11-29 00:00:00,27.400000
2018-11-30 00:00:00,27.350000
2018-12-03 00:00:00,28.450000
2018-12-04 00:00:00,28.850000
2018-12-05 00:00:00,28.150000
2018-12-06 00:00:00,27.900000
2018-12-07 00:00:00,28.500000
2018-12-10 00:00:00,27.650000
2018-12-11 00:00:00,27.450000
2018-12-12 00:00:00,27.250000
2018-12-13 00:00:00,27.100000
2018-12-14 00:00:00,26.950000
2018-12-17 00:00:00,26.650000
2018-12-18 00:00:00,26.000000
2018-12-19 00:00:00,25.500000
2018-12-20 00:00:00,25.250000
2018-12-21 00:00:00,25.300000
2018-12-24 00:00:00,25.950000
2018-12-27 00:00:00,24.650000
2018-12-28 00:00:00,24.500000
2018-12-31 00:00:00,25.000000
2019-01-02 00:00:00,25.250000
2019-01-03 00:00:00,25.150000
2019-01-04 00:00:00,25.550000
2019-01-07 00:00:00,25.600000
2019-01-08 00:00:00,26.100000
2019-01-09 00:00:00,26.500000
2019-01-10 00:00:00,27.000000
2019-01-11 00:00:00,26.750000
2019-01-14 00:00:00,26.250000
2019-01-15 00:00:00,26.350000
2019-01-16 00:00:00,26.000000
2019-01-17 00:00:00,25.850000
2019-01-18 00:00:00,25.950000
2019-01-21 00:00:00,25.900000
2019-01-22 00:00:00,25.900000
2019-01-23 00:00:00,26.100000
2019-01-24 00:00:00,26.000000
2019-01-25 00:00:00,25.600000
2019-01-28 00:00:00,25.250000
2019-01-29 00:00:00,25.650000
2019-01-30 00:00:00,26.050000
2019-01-31 00:00:00,26.000000
2019-02-01 00:00:00,26.200000
2019-02-04 00:00:00,26.100000
2019-02-05 00:00:00,26.250000
2019-02-06 00:00:00,26.400000
2019-02-07 00:00:00,25.750000
2019-02-08 00:00:00,25.850000
2019-02-11 00:00:00,25.850000
2019-02-12 00:00:00,25.850000
2019-02-13 00:00:00,25.350000
2019-02-14 00:00:00,25.600000
2019-02-15 00:00:00,25.600000
2019-02-18 00:00:00,26.000000
2019-02-19 00:00:00,25.600000
2019-02-20 00:00:00,25.600000
2019-02-21 00:00:00,25.350000
2019-02-22 00:00:00,25.500000
2019-02-25 00:00:00,25.600000
2019-02-26 00:00:00,25.100000
2019-02-27 00:00:00,24.600000
2019-02-28 00:00:00,24.750000
2019-03-01 00:00:00,24.550000
2019-03-04 00:00:00,25.200000
2019-03-05 00:00:00,25.050000
2019-03-06 00:00:00,24.900000
2019-03-07 00:00:00,24.900000
2019-03-08 00:00:00,24.400000
2019-03-11 00:00:00,24.400000
2019-03-12 00:00:00,24.600000
2019-03-13 00:00:00,24.550000
2019-03-14 00:00:00,24.500000
2019-03-15 00:00:00,23.750000
2019-03-18 00:00:00,24.900000
2019-03-19 00:00:00,25.000000
2019-03-20 00:00:00,25.150000
2019-03-21 00:00:00,25.600000
2019-03-22 00:00:00,25.300000
2019-03-25 00:00:00,25.250000
2019-03-26 00:00:00,25.100000
2019-03-27 00:00:00,24.700000
2019-03-28 00:00:00,24.350000
2019-03-29 00:00:00,24.600000
2019-04-01 00:00:00,24.700000
2019-04-02 00:00:00,24.800000
2019-04-03 00:00:00,24.850000
2019-04-04 00:00:00,24.550000
2019-04-05 00:00:00,24.750000
2019-04-08 00:00:00,25.650000
2019-04-09 00:00:00,26.200000
2019-04-10 00:00:00,26.700000
2019-04-11 00:00:00,26.450000
2019-04-12 00:00:00,26.600000
2019-04-15 00:00:00,27.100000
2019-04-16 00:00:00,27.200000
2019-04-17 00:00:00,28.200000
2019-04-18 00:00:00,27.200000
2019-04-23 00:00:00,28.300000
2019-04-24 00:00:00,28.000000
2019-04-25 00:00:00,28.200000
2019-04-26 00:00:00,28.000000
2019-04-29 00:00:00,28.000000
2019-04-30 00:00:00,28.300000
2019-05-01 00:00:00,28.000000
2019-05-02 00:00:00,27.450000
2019-05-03 00:00:00,27.850000
2019-05-07 00:00:00,27.900000
2019-05-08 00:00:00,27.150000
2019-05-09 00:00:00,26.750000
2019-05-10 00:00:00,26.650000
2019-05-13 00:00:00,26.200000
2019-05-14 00:00:00,26.650000
2019-05-15 00:00:00,26.850000
2019-05-16 00:00:00,27.200000
2019-05-17 00:00:00,26.900000
2019-05-20 00:00:00,27.150000
2019-05-21 00:00:00,28.300000
2019-05-22 00:00:00,29.400000
2019-05-23 00:00:00,29.200000
2019-05-24 00:00:00,29.200000
2019-05-28 00:00:00,28.650000
2019-05-29 00:00:00,28.600000
2019-05-30 00:00:00,28.750000
2019-05-31 00:00:00,28.300000
2019-06-03 00:00:00,28.400000
2019-06-04 00:00:00,27.900000
2019-06-05 00:00:00,28.300000
2019-06-06 00:00:00,28.450000
