<TICKER>,<PER>,<DATE>,<TIME>,<CLOSE>
QIWI,D,20131008,000000,1340.0000000
QIWI,D,20131009,000000,1350.0000000
QIWI,D,20131010,000000,1310.0000000
QIWI,D,20131011,000000,1304.8000000
QIWI,D,20131014,000000,1310.0000000
QIWI,D,20131015,000000,1350.0000000
QIWI,D,20131016,000000,1304.4000000
QIWI,D,20131018,000000,1350.0000000
QIWI,D,20131021,000000,1363.5000000
QIWI,D,20131024,000000,1372.0000000
QIWI,D,20131025,000000,1920.0000000
QIWI,D,20131028,000000,1450.0000000
QIWI,D,20131029,000000,1450.0000000
QIWI,D,20131030,000000,1499.6000000
QIWI,D,20131031,000000,1400.0000000
QIWI,D,20131101,000000,1384.4000000
QIWI,D,20131105,000000,1450.0000000
QIWI,D,20131106,000000,1500.0000000
QIWI,D,20131107,000000,1455.9000000
QIWI,D,20131108,000000,1489.9000000
QIWI,D,20131111,000000,1435.0000000
QIWI,D,20131112,000000,1414.1000000
QIWI,D,20131113,000000,1367.7000000
QIWI,D,20131114,000000,1375.0000000
QIWI,D,20131115,000000,1377.0000000
QIWI,D,20131118,000000,1351.0000000
QIWI,D,20131119,000000,1400.0000000
QIWI,D,20131120,000000,1550.0000000
QIWI,D,20131121,000000,1550.0000000
QIWI,D,20131122,000000,1500.0000000
QIWI,D,20131125,000000,1505.0000000
QIWI,D,20131126,000000,1525.0000000
QIWI,D,20131127,000000,1581.0000000
QIWI,D,20131128,000000,1670.0000000
QIWI,D,20131129,000000,1790.0000000
QIWI,D,20131202,000000,1800.0000000
QIWI,D,20131203,000000,2000.0000000
QIWI,D,20131204,000000,1799.0000000
QIWI,D,20131205,000000,1649.9000000
QIWI,D,20131206,000000,1698.0000000
QIWI,D,20131209,000000,1634.0000000
QIWI,D,20131210,000000,1695.0000000
QIWI,D,20131211,000000,1710.0000000
QIWI,D,20131212,000000,1738.0000000
QIWI,D,20131213,000000,1640.0000000
QIWI,D,20131216,000000,1750.0000000
QIWI,D,20131217,000000,1738.6000000
QIWI,D,20131218,000000,1752.0000000
QIWI,D,20131219,000000,1702.0000000
QIWI,D,20131220,000000,1690.0000000
QIWI,D,20131223,000000,1750.0000000
QIWI,D,20131224,000000,1749.9000000
QIWI,D,20131225,000000,1690.1000000
QIWI,D,20131226,000000,1748.0000000
QIWI,D,20131227,000000,1790.0000000
QIWI,D,20131230,000000,1785.0000000
QIWI,D,20140106,000000,1796.0000000
QIWI,D,20140108,000000,1998.9000000
QIWI,D,20140109,000000,1903.2000000
QIWI,D,20140110,000000,1950.0000000
QIWI,D,20140113,000000,1799.8000000
QIWI,D,20140114,000000,1750.0000000
QIWI,D,20140115,000000,1630.0000000
QIWI,D,20140116,000000,1600.0000000
QIWI,D,20140117,000000,1570.0000000
QIWI,D,20140120,000000,1450.0000000
QIWI,D,20140121,000000,1425.0000000
QIWI,D,20140122,000000,1420.1000000
QIWI,D,20140123,000000,1424.0000000
QIWI,D,20140124,000000,1350.0000000
QIWI,D,20140127,000000,1294.4000000
QIWI,D,20140128,000000,1276.3000000
QIWI,D,20140129,000000,1290.6000000
QIWI,D,20140130,000000,1265.0000000
QIWI,D,20140131,000000,1269.9000000
QIWI,D,20140203,000000,1300.0000000
QIWI,D,20140204,000000,1223.0000000
QIWI,D,20140205,000000,1195.0000000
QIWI,D,20140206,000000,1270.0000000
QIWI,D,20140207,000000,1368.0000000
QIWI,D,20140210,000000,1380.0000000
QIWI,D,20140211,000000,1355.4000000
QIWI,D,20140212,000000,1355.0000000
QIWI,D,20140213,000000,1374.9000000
QIWI,D,20140214,000000,1360.0000000
QIWI,D,20140217,000000,1350.0000000
QIWI,D,20140218,000000,1430.0000000
QIWI,D,20140219,000000,1455.0000000
QIWI,D,20140220,000000,1454.9000000
QIWI,D,20140221,000000,1450.0000000
QIWI,D,20140224,000000,1439.0000000
QIWI,D,20140225,000000,1470.4000000
QIWI,D,20140226,000000,1530.0000000
QIWI,D,20140227,000000,1629.0000000
QIWI,D,20140228,000000,1730.0000000
QIWI,D,20140303,000000,1516.0000000
QIWI,D,20140304,000000,1530.0000000
QIWI,D,20140305,000000,1489.9000000
QIWI,D,20140306,000000,1470.0000000
QIWI,D,20140307,000000,1455.0000000
QIWI,D,20140311,000000,1460.9000000
QIWI,D,20140312,000000,1388.0000000
QIWI,D,20140313,000000,1250.0000000
QIWI,D,20140314,000000,1140.0000000
QIWI,D,20140317,000000,1309.9000000
QIWI,D,20140318,000000,1310.1000000
QIWI,D,20140319,000000,1313.1000000
QIWI,D,20140320,000000,1319.7000000
QIWI,D,20140321,000000,1280.0000000
QIWI,D,20140324,000000,1276.9000000
QIWI,D,20140325,000000,1217.9000000
QIWI,D,20140326,000000,1259.7000000
QIWI,D,20140327,000000,1151.3000000
QIWI,D,20140328,000000,1141.7000000
QIWI,D,20140331,000000,1210.0000000
QIWI,D,20140401,000000,1303.9000000
QIWI,D,20140402,000000,1307.6000000
QIWI,D,20140403,000000,1275.2000000
QIWI,D,20140404,000000,1275.0000000
QIWI,D,20140407,000000,1180.1000000
QIWI,D,20140408,000000,1158.0000000
QIWI,D,20140409,000000,1128.5000000
QIWI,D,20140410,000000,1155.8000000
QIWI,D,20140411,000000,1175.0000000
QIWI,D,20140414,000000,1121.0000000
QIWI,D,20140415,000000,1147.9000000
QIWI,D,20140416,000000,1158.6000000
QIWI,D,20140417,000000,1163.8000000
QIWI,D,20140418,000000,1181.0000000
QIWI,D,20140421,000000,1195.0000000
QIWI,D,20140422,000000,1172.9000000
QIWI,D,20140423,000000,1169.9000000
QIWI,D,20140424,000000,1040.0000000
QIWI,D,20140425,000000,1020.0000000
QIWI,D,20140428,000000,1043.9000000
QIWI,D,20140429,000000,1049.9000000
QIWI,D,20140430,000000,1039.6000000
QIWI,D,20140502,000000,1053.6000000
QIWI,D,20140505,000000,1040.1000000
QIWI,D,20140506,000000,1060.0000000
QIWI,D,20140507,000000,1071.0000000
QIWI,D,20140508,000000,1132.5000000
QIWI,D,20140512,000000,1101.8000000
QIWI,D,20140513,000000,1177.0000000
QIWI,D,20140514,000000,1155.0000000
QIWI,D,20140515,000000,1149.9000000
QIWI,D,20140516,000000,1175.0000000
QIWI,D,20140519,000000,1190.0000000
QIWI,D,20140520,000000,1219.7000000
QIWI,D,20140521,000000,1398.5000000
QIWI,D,20140522,000000,1501.1000000
QIWI,D,20140523,000000,1500.0000000
QIWI,D,20140526,000000,1475.1000000
QIWI,D,20140527,000000,1550.5000000
QIWI,D,20140528,000000,1536.2000000
QIWI,D,20140529,000000,1500.0000000
QIWI,D,20140530,000000,1525.2000000
QIWI,D,20140602,000000,1474.4000000
QIWI,D,20140603,000000,1510.0000000
QIWI,D,20140604,000000,1499.5000000
QIWI,D,20140605,000000,1508.3000000
QIWI,D,20140606,000000,1574.1000000
QIWI,D,20140609,000000,1600.0000000
QIWI,D,20140610,000000,1529.8000000
QIWI,D,20140611,000000,1530.0000000
QIWI,D,20140616,000000,1500.0000000
QIWI,D,20140617,000000,1444.9000000
QIWI,D,20140618,000000,1395.0000000
QIWI,D,20140619,000000,1380.0000000
QIWI,D,20140620,000000,1382.5000000
QIWI,D,20140623,000000,1345.0000000
QIWI,D,20140624,000000,1359.9000000
QIWI,D,20140625,000000,1380.0000000
QIWI,D,20140626,000000,1377.0000000
QIWI,D,20140627,000000,1386.6000000
QIWI,D,20140630,000000,1370.0000000
QIWI,D,20140701,000000,1375.2000000
QIWI,D,20140702,000000,1393.9000000
QIWI,D,20140703,000000,1375.0000000
QIWI,D,20140704,000000,1439.4000000
QIWI,D,20140707,000000,1430.0000000
QIWI,D,20140708,000000,1380.0000000
QIWI,D,20140709,000000,1364.6000000
QIWI,D,20140710,000000,1383.0000000
QIWI,D,20140711,000000,1404.4000000
QIWI,D,20140714,000000,1431.2000000
QIWI,D,20140715,000000,1510.0000000
QIWI,D,20140716,000000,1523.0000000
QIWI,D,20140717,000000,1531.2000000
QIWI,D,20140718,000000,1439.8000000
QIWI,D,20140721,000000,1399.9000000
QIWI,D,20140722,000000,1370.0000000
QIWI,D,20140723,000000,1382.0000000
QIWI,D,20140724,000000,1383.0000000
QIWI,D,20140725,000000,1330.0000000
QIWI,D,20140728,000000,1315.0000000
QIWI,D,20140729,000000,1348.4000000
QIWI,D,20140730,000000,1381.9000000
QIWI,D,20140731,000000,1360.0000000
QIWI,D,20140801,000000,1310.0000000
QIWI,D,20140804,000000,1348.7000000
QIWI,D,20140805,000000,1390.5000000
QIWI,D,20140806,000000,1399.9000000
QIWI,D,20140807,000000,1420.0000000
QIWI,D,20140808,000000,1323.9000000
QIWI,D,20140811,000000,1320.0000000
QIWI,D,20140812,000000,1320.0000000
QIWI,D,20140813,000000,1338.0000000
QIWI,D,20140814,000000,1308.4000000
QIWI,D,20140815,000000,1345.1000000
QIWI,D,20140818,000000,1385.0000000
QIWI,D,20140819,000000,1420.0000000
QIWI,D,20140820,000000,1422.5000000
QIWI,D,20140821,000000,1422.4000000
QIWI,D,20140822,000000,1399.9000000
QIWI,D,20140825,000000,1407.5000000
QIWI,D,20140826,000000,1430.0000000
QIWI,D,20140827,000000,1454.5000000
QIWI,D,20140828,000000,1445.0000000
QIWI,D,20140829,000000,1449.6000000
QIWI,D,20140901,000000,1440.0000000
QIWI,D,20140902,000000,1410.0000000
QIWI,D,20140903,000000,1437.4000000
QIWI,D,20140904,000000,1375.0000000
QIWI,D,20140905,000000,1405.1000000
QIWI,D,20140908,000000,1465.7000000
QIWI,D,20140909,000000,1375.0000000
QIWI,D,20140910,000000,1389.9000000
QIWI,D,20140911,000000,1400.0000000
QIWI,D,20140912,000000,1379.5000000
QIWI,D,20140915,000000,1343.7000000
QIWI,D,20140916,000000,1396.0000000
QIWI,D,20140917,000000,1343.0000000
QIWI,D,20140918,000000,1399.0000000
QIWI,D,20140919,000000,1320.0000000
QIWI,D,20140922,000000,1285.0000000
QIWI,D,20140923,000000,1264.0000000
QIWI,D,20140924,000000,1237.2000000
QIWI,D,20140925,000000,1364.9000000
QIWI,D,20140926,000000,1250.5000000
QIWI,D,20140929,000000,1251.6000000
QIWI,D,20140930,000000,1260.9000000
QIWI,D,20141001,000000,1255.0000000
QIWI,D,20141002,000000,1340.0000000
QIWI,D,20141003,000000,1225.0000000
QIWI,D,20141006,000000,1220.0000000
QIWI,D,20141007,000000,1215.0000000
QIWI,D,20141008,000000,1200.0000000
QIWI,D,20141009,000000,1170.0000000
QIWI,D,20141010,000000,1140.0000000
QIWI,D,20141013,000000,1105.0000000
QIWI,D,20141014,000000,1150.0000000
QIWI,D,20141015,000000,1140.0000000
QIWI,D,20141016,000000,1160.0000000
QIWI,D,20141017,000000,1230.0000000
QIWI,D,20141020,000000,1200.0000000
QIWI,D,20141021,000000,1240.0000000
QIWI,D,20141022,000000,1260.0000000
QIWI,D,20141023,000000,1275.0000000
QIWI,D,20141024,000000,1125.0000000
QIWI,D,20141027,000000,1200.0000000
QIWI,D,20141028,000000,1235.0000000
QIWI,D,20141029,000000,1235.0000000
QIWI,D,20141030,000000,1260.0000000
QIWI,D,20141031,000000,1350.0000000
QIWI,D,20141103,000000,1380.0000000
QIWI,D,20141105,000000,1400.0000000
QIWI,D,20141106,000000,1425.0000000
QIWI,D,20141107,000000,1400.0000000
QIWI,D,20141110,000000,1340.0000000
QIWI,D,20141111,000000,1475.0000000
QIWI,D,20141112,000000,1375.0000000
QIWI,D,20141113,000000,1400.0000000
QIWI,D,20141114,000000,1395.0000000
QIWI,D,20141117,000000,1405.0000000
QIWI,D,20141118,000000,1350.0000000
QIWI,D,20141119,000000,1370.0000000
QIWI,D,20141120,000000,1365.0000000
QIWI,D,20141121,000000,1345.0000000
QIWI,D,20141124,000000,1330.0000000
QIWI,D,20141125,000000,1320.0000000
QIWI,D,20141126,000000,1315.0000000
QIWI,D,20141127,000000,1355.0000000
QIWI,D,20141128,000000,1390.0000000
QIWI,D,20141201,000000,1395.0000000
QIWI,D,20141202,000000,1415.0000000
QIWI,D,20141203,000000,1410.0000000
QIWI,D,20141204,000000,1395.0000000
QIWI,D,20141205,000000,1350.0000000
QIWI,D,20141208,000000,1310.0000000
QIWI,D,20141209,000000,1275.0000000
QIWI,D,20141210,000000,1400.0000000
QIWI,D,20141211,000000,1405.0000000
QIWI,D,20141212,000000,1410.0000000
QIWI,D,20141215,000000,1350.0000000
QIWI,D,20141216,000000,1365.0000000
QIWI,D,20141217,000000,1225.0000000
QIWI,D,20141218,000000,1200.0000000
QIWI,D,20141219,000000,1200.0000000
QIWI,D,20141222,000000,1155.0000000
QIWI,D,20141223,000000,1140.0000000
QIWI,D,20141224,000000,1110.0000000
QIWI,D,20141225,000000,1200.0000000
QIWI,D,20141226,000000,1155.0000000
QIWI,D,20141229,000000,1235.0000000
QIWI,D,20141230,000000,1135.0000000
QIWI,D,20150105,000000,1220.0000000
QIWI,D,20150106,000000,1230.0000000
QIWI,D,20150108,000000,1310.0000000
QIWI,D,20150109,000000,1360.0000000
QIWI,D,20150112,000000,1355.0000000
QIWI,D,20150113,000000,1375.0000000
QIWI,D,20150114,000000,1420.0000000
QIWI,D,20150115,000000,1430.0000000
QIWI,D,20150116,000000,1430.0000000
QIWI,D,20150119,000000,1440.0000000
QIWI,D,20150120,000000,1435.0000000
QIWI,D,20150121,000000,1425.0000000
QIWI,D,20150122,000000,1415.0000000
QIWI,D,20150123,000000,1400.0000000
QIWI,D,20150126,000000,1420.0000000
QIWI,D,20150127,000000,1415.0000000
QIWI,D,20150128,000000,1355.0000000
QIWI,D,20150129,000000,1375.0000000
QIWI,D,20150130,000000,1395.0000000
QIWI,D,20150202,000000,1330.0000000
QIWI,D,20150203,000000,1295.0000000
QIWI,D,20150204,000000,1320.0000000
QIWI,D,20150205,000000,1365.0000000
QIWI,D,20150206,000000,1430.0000000
QIWI,D,20150209,000000,1490.0000000
QIWI,D,20150210,000000,1450.0000000
QIWI,D,20150211,000000,1505.0000000
QIWI,D,20150212,000000,1560.0000000
QIWI,D,20150213,000000,1600.0000000
QIWI,D,20150216,000000,1565.0000000
QIWI,D,20150217,000000,1585.0000000
QIWI,D,20150218,000000,1575.0000000
QIWI,D,20150219,000000,1540.0000000
QIWI,D,20150220,000000,1475.0000000
QIWI,D,20150224,000000,1425.0000000
QIWI,D,20150225,000000,1435.0000000
QIWI,D,20150226,000000,1435.0000000
QIWI,D,20150227,000000,1420.0000000
QIWI,D,20150302,000000,1440.0000000
QIWI,D,20150303,000000,1445.0000000
QIWI,D,20150304,000000,1370.0000000
QIWI,D,20150305,000000,1360.0000000
QIWI,D,20150306,000000,1415.0000000
QIWI,D,20150310,000000,1365.0000000
QIWI,D,20150311,000000,1400.0000000
QIWI,D,20150312,000000,1345.0000000
QIWI,D,20150313,000000,1285.0000000
QIWI,D,20150316,000000,1315.0000000
QIWI,D,20150317,000000,1285.0000000
QIWI,D,20150318,000000,1280.0000000
QIWI,D,20150319,000000,1260.0000000
QIWI,D,20150320,000000,1255.0000000
QIWI,D,20150323,000000,1255.0000000
QIWI,D,20150324,000000,1325.0000000
QIWI,D,20150325,000000,1375.0000000
QIWI,D,20150326,000000,1350.0000000
QIWI,D,20150327,000000,1330.0000000
QIWI,D,20150330,000000,1375.0000000
QIWI,D,20150331,000000,1400.0000000
QIWI,D,20150401,000000,1420.0000000
QIWI,D,20150402,000000,1405.0000000
QIWI,D,20150403,000000,1360.0000000
QIWI,D,20150406,000000,1440.0000000
QIWI,D,20150407,000000,1390.0000000
QIWI,D,20150408,000000,1430.0000000
QIWI,D,20150409,000000,1385.0000000
QIWI,D,20150410,000000,1395.0000000
QIWI,D,20150413,000000,1400.0000000
QIWI,D,20150414,000000,1340.0000000
QIWI,D,20150415,000000,1360.0000000
QIWI,D,20150416,000000,1355.0000000
QIWI,D,20150417,000000,1385.0000000
QIWI,D,20150420,000000,1335.0000000
QIWI,D,20150421,000000,1350.0000000
QIWI,D,20150422,000000,1340.0000000
QIWI,D,20150423,000000,1380.0000000
QIWI,D,20150424,000000,1390.0000000
QIWI,D,20150427,000000,1395.0000000
QIWI,D,20150428,000000,1390.0000000
QIWI,D,20150429,000000,1380.0000000
QIWI,D,20150430,000000,1375.0000000
QIWI,D,20150505,000000,1380.0000000
QIWI,D,20150506,000000,1390.0000000
QIWI,D,20150507,000000,1400.0000000
QIWI,D,20150508,000000,1450.0000000
QIWI,D,20150512,000000,1420.0000000
QIWI,D,20150513,000000,1465.0000000
QIWI,D,20150514,000000,1645.0000000
QIWI,D,20150515,000000,1705.0000000
QIWI,D,20150518,000000,1695.0000000
QIWI,D,20150519,000000,1705.0000000
QIWI,D,20150520,000000,1680.0000000
QIWI,D,20150521,000000,1600.0000000
QIWI,D,20150522,000000,1605.0000000
QIWI,D,20150525,000000,1605.0000000
QIWI,D,20150526,000000,1560.0000000
QIWI,D,20150527,000000,1570.0000000
QIWI,D,20150528,000000,1590.0000000
QIWI,D,20150529,000000,1575.0000000
QIWI,D,20150601,000000,1615.0000000
QIWI,D,20150602,000000,1630.0000000
QIWI,D,20150603,000000,1635.0000000
QIWI,D,20150604,000000,1605.0000000
QIWI,D,20150608,000000,1620.0000000
QIWI,D,20150609,000000,1605.0000000
QIWI,D,20150610,000000,1650.0000000
QIWI,D,20150611,000000,1605.0000000
QIWI,D,20150615,000000,1600.0000000
QIWI,D,20150616,000000,1540.0000000
QIWI,D,20150617,000000,1500.0000000
QIWI,D,20150618,000000,1550.0000000
QIWI,D,20150619,000000,1560.0000000
QIWI,D,20150622,000000,1560.0000000
QIWI,D,20150623,000000,1590.0000000
QIWI,D,20150624,000000,1605.0000000
QIWI,D,20150625,000000,1555.0000000
QIWI,D,20150626,000000,1555.0000000
QIWI,D,20150629,000000,1640.0000000
QIWI,D,20150630,000000,1585.0000000
QIWI,D,20150702,000000,1575.0000000
QIWI,D,20150703,000000,1495.0000000
QIWI,D,20150706,000000,1585.0000000
QIWI,D,20150707,000000,1490.0000000
QIWI,D,20150708,000000,1545.0000000
QIWI,D,20150709,000000,1550.0000000
QIWI,D,20150710,000000,1505.0000000
QIWI,D,20150713,000000,1575.0000000
QIWI,D,20150714,000000,1525.0000000
QIWI,D,20150715,000000,1515.0000000
QIWI,D,20150717,000000,1605.0000000
QIWI,D,20150720,000000,1605.0000000
QIWI,D,20150721,000000,1665.0000000
QIWI,D,20150722,000000,1670.0000000
QIWI,D,20150723,000000,1625.0000000
QIWI,D,20150724,000000,1600.0000000
QIWI,D,20150727,000000,1660.0000000
QIWI,D,20150728,000000,1735.0000000
QIWI,D,20150729,000000,1730.0000000
QIWI,D,20150731,000000,1680.0000000
QIWI,D,20150803,000000,1850.0000000
QIWI,D,20150804,000000,1800.0000000
QIWI,D,20150805,000000,1895.0000000
QIWI,D,20150806,000000,1750.0000000
QIWI,D,20150807,000000,1830.0000000
QIWI,D,20150810,000000,1880.0000000
QIWI,D,20150811,000000,1835.0000000
QIWI,D,20150812,000000,1795.0000000
QIWI,D,20150813,000000,1735.0000000
QIWI,D,20150814,000000,1835.0000000
QIWI,D,20150818,000000,1895.0000000
QIWI,D,20150819,000000,1795.0000000
QIWI,D,20150820,000000,1680.0000000
QIWI,D,20150821,000000,1650.0000000
QIWI,D,20150824,000000,1615.0000000
QIWI,D,20150825,000000,1665.0000000
QIWI,D,20150826,000000,1625.0000000
QIWI,D,20150827,000000,1665.0000000
QIWI,D,20150828,000000,1700.0000000
QIWI,D,20150831,000000,1735.0000000
QIWI,D,20150901,000000,1640.0000000
QIWI,D,20150902,000000,1450.0000000
QIWI,D,20150903,000000,1465.0000000
QIWI,D,20150904,000000,1480.0000000
QIWI,D,20150907,000000,1500.0000000
QIWI,D,20150908,000000,1500.0000000
QIWI,D,20150909,000000,1400.0000000
QIWI,D,20150910,000000,1325.0000000
QIWI,D,20150911,000000,1325.0000000
QIWI,D,20150914,000000,1315.0000000
QIWI,D,20150915,000000,1305.0000000
QIWI,D,20150916,000000,1335.0000000
QIWI,D,20150917,000000,1335.0000000
QIWI,D,20150918,000000,1315.0000000
QIWI,D,20150921,000000,1220.0000000
QIWI,D,20150922,000000,1115.0000000
QIWI,D,20150923,000000,1075.0000000
QIWI,D,20150924,000000,1015.0000000
QIWI,D,20150925,000000,1030.0000000
QIWI,D,20150928,000000,995.0000000
QIWI,D,20150929,000000,1025.0000000
QIWI,D,20150930,000000,1065.0000000
QIWI,D,20151001,000000,1025.0000000
QIWI,D,20151002,000000,1060.0000000
QIWI,D,20151005,000000,1140.0000000
QIWI,D,20151006,000000,1180.0000000
QIWI,D,20151007,000000,1180.0000000
QIWI,D,20151008,000000,1165.0000000
QIWI,D,20151009,000000,1165.0000000
QIWI,D,20151012,000000,1140.0000000
QIWI,D,20151013,000000,1175.0000000
QIWI,D,20151014,000000,1195.0000000
QIWI,D,20151015,000000,1255.0000000
QIWI,D,20151016,000000,1215.0000000
QIWI,D,20151019,000000,1260.0000000
QIWI,D,20151020,000000,1230.0000000
QIWI,D,20151021,000000,1235.0000000
QIWI,D,20151022,000000,1195.0000000
QIWI,D,20151023,000000,1200.0000000
QIWI,D,20151026,000000,1195.0000000
QIWI,D,20151027,000000,1195.0000000
QIWI,D,20151028,000000,1200.0000000
QIWI,D,20151029,000000,1115.0000000
QIWI,D,20151030,000000,1110.0000000
QIWI,D,20151102,000000,1135.0000000
QIWI,D,20151103,000000,1110.0000000
QIWI,D,20151105,000000,1070.0000000
QIWI,D,20151106,000000,1075.0000000
QIWI,D,20151109,000000,1070.0000000
QIWI,D,20151110,000000,1125.0000000
QIWI,D,20151111,000000,1150.0000000
QIWI,D,20151112,000000,1185.0000000
QIWI,D,20151113,000000,1155.0000000
QIWI,D,20151116,000000,1170.0000000
QIWI,D,20151117,000000,1240.0000000
QIWI,D,20151118,000000,1290.0000000
QIWI,D,20151119,000000,1265.0000000
QIWI,D,20151120,000000,1255.0000000
QIWI,D,20151123,000000,1280.0000000
QIWI,D,20151124,000000,1260.0000000
QIWI,D,20151125,000000,1285.0000000
QIWI,D,20151126,000000,1275.0000000
QIWI,D,20151127,000000,1240.0000000
QIWI,D,20151130,000000,1250.0000000
QIWI,D,20151201,000000,1265.0000000
QIWI,D,20151202,000000,1320.0000000
QIWI,D,20151203,000000,1285.0000000
QIWI,D,20151204,000000,1275.0000000
QIWI,D,20151207,000000,1240.0000000
QIWI,D,20151208,000000,1210.0000000
QIWI,D,20151209,000000,1250.0000000
QIWI,D,20151210,000000,1275.0000000
QIWI,D,20151211,000000,1245.0000000
QIWI,D,20151214,000000,1200.0000000
QIWI,D,20151215,000000,1250.0000000
QIWI,D,20151216,000000,1260.0000000
QIWI,D,20151217,000000,1350.0000000
QIWI,D,20151218,000000,1265.0000000
QIWI,D,20151221,000000,1275.0000000
QIWI,D,20151222,000000,1275.0000000
QIWI,D,20151223,000000,1290.0000000
QIWI,D,20151224,000000,1275.0000000
QIWI,D,20151225,000000,1275.0000000
QIWI,D,20151228,000000,1290.0000000
QIWI,D,20151229,000000,1305.0000000
QIWI,D,20151230,000000,1320.0000000
QIWI,D,20160104,000000,1280.0000000
QIWI,D,20160105,000000,1300.0000000
QIWI,D,20160106,000000,1295.0000000
QIWI,D,20160111,000000,1250.0000000
QIWI,D,20160112,000000,1245.0000000
QIWI,D,20160113,000000,1260.0000000
QIWI,D,20160114,000000,1265.0000000
QIWI,D,20160115,000000,1190.0000000
QIWI,D,20160118,000000,1205.0000000
QIWI,D,20160119,000000,1235.0000000
QIWI,D,20160120,000000,1130.0000000
QIWI,D,20160121,000000,1150.0000000
QIWI,D,20160122,000000,1150.0000000
QIWI,D,20160125,000000,1105.0000000
QIWI,D,20160126,000000,1045.0000000
QIWI,D,20160127,000000,1055.0000000
QIWI,D,20160128,000000,1025.0000000
QIWI,D,20160129,000000,1020.0000000
QIWI,D,20160201,000000,1025.0000000
QIWI,D,20160202,000000,1000.0000000
QIWI,D,20160203,000000,1015.0000000
QIWI,D,20160204,000000,1110.0000000
QIWI,D,20160205,000000,1055.0000000
QIWI,D,20160208,000000,1020.0000000
QIWI,D,20160209,000000,1020.0000000
QIWI,D,20160210,000000,1015.0000000
QIWI,D,20160211,000000,1005.0000000
QIWI,D,20160212,000000,995.0000000
QIWI,D,20160215,000000,985.0000000
QIWI,D,20160216,000000,985.0000000
QIWI,D,20160217,000000,980.0000000
QIWI,D,20160218,000000,965.0000000
QIWI,D,20160219,000000,915.0000000
QIWI,D,20160220,000000,935.0000000
QIWI,D,20160222,000000,885.0000000
QIWI,D,20160224,000000,865.0000000
QIWI,D,20160225,000000,860.0000000
QIWI,D,20160226,000000,840.0000000
QIWI,D,20160229,000000,860.0000000
QIWI,D,20160301,000000,870.0000000
QIWI,D,20160302,000000,825.0000000
QIWI,D,20160303,000000,830.0000000
QIWI,D,20160304,000000,845.0000000
QIWI,D,20160307,000000,865.0000000
QIWI,D,20160309,000000,845.0000000
QIWI,D,20160310,000000,835.0000000
QIWI,D,20160311,000000,855.0000000
QIWI,D,20160314,000000,865.0000000
QIWI,D,20160315,000000,865.0000000
QIWI,D,20160316,000000,935.0000000
QIWI,D,20160317,000000,905.0000000
QIWI,D,20160318,000000,930.0000000
QIWI,D,20160321,000000,975.0000000
QIWI,D,20160322,000000,980.0000000
QIWI,D,20160323,000000,985.0000000
QIWI,D,20160324,000000,990.0000000
QIWI,D,20160325,000000,985.0000000
QIWI,D,20160328,000000,965.0000000
QIWI,D,20160329,000000,950.0000000
QIWI,D,20160330,000000,945.0000000
QIWI,D,20160331,000000,965.0000000
QIWI,D,20160401,000000,955.0000000
QIWI,D,20160404,000000,955.0000000
QIWI,D,20160405,000000,955.0000000
QIWI,D,20160406,000000,955.0000000
QIWI,D,20160407,000000,950.0000000
QIWI,D,20160408,000000,940.0000000
QIWI,D,20160411,000000,960.0000000
QIWI,D,20160412,000000,1035.0000000
QIWI,D,20160413,000000,1075.0000000
QIWI,D,20160414,000000,1075.0000000
QIWI,D,20160415,000000,1065.0000000
QIWI,D,20160418,000000,1060.0000000
QIWI,D,20160419,000000,1050.0000000
QIWI,D,20160420,000000,1030.0000000
QIWI,D,20160421,000000,1040.0000000
QIWI,D,20160422,000000,1040.0000000
QIWI,D,20160425,000000,1040.0000000
QIWI,D,20160426,000000,1020.0000000
QIWI,D,20160427,000000,925.0000000
QIWI,D,20160428,000000,845.0000000
QIWI,D,20160429,000000,805.0000000
QIWI,D,20160504,000000,740.0000000
QIWI,D,20160505,000000,732.0000000
QIWI,D,20160506,000000,719.0000000
QIWI,D,20160510,000000,709.0000000
QIWI,D,20160511,000000,718.0000000
QIWI,D,20160512,000000,722.0000000
QIWI,D,20160513,000000,729.0000000
QIWI,D,20160516,000000,726.0000000
QIWI,D,20160517,000000,718.0000000
QIWI,D,20160518,000000,750.0000000
QIWI,D,20160519,000000,790.0000000
QIWI,D,20160520,000000,807.0000000
QIWI,D,20160523,000000,806.0000000
QIWI,D,20160524,000000,795.0000000
QIWI,D,20160525,000000,813.0000000
QIWI,D,20160526,000000,820.0000000
QIWI,D,20160527,000000,833.0000000
QIWI,D,20160530,000000,833.0000000
QIWI,D,20160531,000000,823.0000000
QIWI,D,20160601,000000,816.0000000
QIWI,D,20160602,000000,840.0000000
QIWI,D,20160603,000000,825.0000000
QIWI,D,20160606,000000,860.0000000
QIWI,D,20160607,000000,899.0000000
QIWI,D,20160608,000000,883.0000000
QIWI,D,20160609,000000,909.0000000
QIWI,D,20160610,000000,932.0000000
QIWI,D,20160614,000000,884.0000000
QIWI,D,20160615,000000,887.0000000
QIWI,D,20160616,000000,861.0000000
QIWI,D,20160617,000000,892.0000000
QIWI,D,20160620,000000,874.0000000
QIWI,D,20160621,000000,876.0000000
QIWI,D,20160622,000000,892.0000000
QIWI,D,20160623,000000,875.0000000
QIWI,D,20160624,000000,826.0000000
QIWI,D,20160627,000000,806.0000000
QIWI,D,20160628,000000,836.0000000
QIWI,D,20160629,000000,869.0000000
QIWI,D,20160630,000000,852.0000000
QIWI,D,20160701,000000,835.0000000
QIWI,D,20160704,000000,850.0000000
QIWI,D,20160705,000000,804.0000000
QIWI,D,20160706,000000,808.0000000
QIWI,D,20160707,000000,810.0000000
QIWI,D,20160708,000000,823.0000000
QIWI,D,20160711,000000,829.0000000
QIWI,D,20160712,000000,833.0000000
QIWI,D,20160713,000000,814.0000000
QIWI,D,20160714,000000,809.0000000
QIWI,D,20160715,000000,785.0000000
QIWI,D,20160718,000000,770.0000000
QIWI,D,20160719,000000,775.0000000
QIWI,D,20160720,000000,783.0000000
QIWI,D,20160721,000000,779.0000000
QIWI,D,20160722,000000,792.0000000
QIWI,D,20160725,000000,793.0000000
QIWI,D,20160726,000000,793.0000000
QIWI,D,20160727,000000,802.0000000
QIWI,D,20160728,000000,807.0000000
QIWI,D,20160729,000000,800.0000000
QIWI,D,20160801,000000,800.0000000
QIWI,D,20160802,000000,798.0000000
QIWI,D,20160803,000000,785.0000000
QIWI,D,20160804,000000,793.0000000
QIWI,D,20160805,000000,799.0000000
QIWI,D,20160808,000000,805.0000000
QIWI,D,20160809,000000,813.0000000
QIWI,D,20160810,000000,798.0000000
QIWI,D,20160811,000000,795.0000000
QIWI,D,20160812,000000,782.0000000
QIWI,D,20160815,000000,802.0000000
QIWI,D,20160816,000000,844.0000000
QIWI,D,20160817,000000,870.0000000
QIWI,D,20160818,000000,862.0000000
QIWI,D,20160819,000000,855.0000000
QIWI,D,20160822,000000,867.0000000
QIWI,D,20160823,000000,895.0000000
QIWI,D,20160824,000000,912.0000000
QIWI,D,20160825,000000,921.0000000
QIWI,D,20160826,000000,904.0000000
QIWI,D,20160829,000000,932.0000000
QIWI,D,20160830,000000,939.0000000
QIWI,D,20160831,000000,935.0000000
QIWI,D,20160901,000000,970.0000000
QIWI,D,20160902,000000,987.0000000
QIWI,D,20160905,000000,980.0000000
QIWI,D,20160906,000000,979.0000000
QIWI,D,20160907,000000,973.0000000
QIWI,D,20160908,000000,950.0000000
QIWI,D,20160909,000000,977.0000000
QIWI,D,20160912,000000,973.0000000
QIWI,D,20160913,000000,970.0000000
QIWI,D,20160914,000000,975.0000000
QIWI,D,20160915,000000,1009.0000000
QIWI,D,20160916,000000,1005.0000000
QIWI,D,20160919,000000,1010.0000000
QIWI,D,20160920,000000,995.0000000
QIWI,D,20160921,000000,993.0000000
QIWI,D,20160922,000000,1018.0000000
QIWI,D,20160923,000000,1017.0000000
QIWI,D,20160926,000000,1003.0000000
QIWI,D,20160927,000000,991.0000000
QIWI,D,20160928,000000,989.0000000
QIWI,D,20160929,000000,952.0000000
QIWI,D,20160930,000000,937.0000000
QIWI,D,20161003,000000,931.0000000
QIWI,D,20161004,000000,930.0000000
QIWI,D,20161005,000000,928.0000000
QIWI,D,20161006,000000,907.0000000
QIWI,D,20161007,000000,872.0000000
QIWI,D,20161010,000000,859.0000000
QIWI,D,20161011,000000,881.0000000
QIWI,D,20161012,000000,899.0000000
QIWI,D,20161013,000000,922.0000000
QIWI,D,20161014,000000,945.0000000
QIWI,D,20161017,000000,926.0000000
QIWI,D,20161018,000000,931.0000000
QIWI,D,20161019,000000,907.0000000
QIWI,D,20161020,000000,868.0000000
QIWI,D,20161021,000000,843.0000000
QIWI,D,20161024,000000,849.0000000
QIWI,D,20161025,000000,860.0000000
QIWI,D,20161026,000000,837.0000000
QIWI,D,20161027,000000,824.0000000
QIWI,D,20161028,000000,825.0000000
QIWI,D,20161031,000000,829.0000000
QIWI,D,20161101,000000,816.0000000
QIWI,D,20161102,000000,810.0000000
QIWI,D,20161103,000000,810.0000000
QIWI,D,20161107,000000,824.0000000
QIWI,D,20161108,000000,803.0000000
QIWI,D,20161109,000000,831.0000000
QIWI,D,20161110,000000,833.0000000
QIWI,D,20161111,000000,844.0000000
QIWI,D,20161114,000000,840.0000000
QIWI,D,20161115,000000,838.0000000
QIWI,D,20161116,000000,827.0000000
QIWI,D,20161117,000000,836.0000000
QIWI,D,20161118,000000,844.0000000
QIWI,D,20161121,000000,854.0000000
QIWI,D,20161122,000000,865.0000000
QIWI,D,20161123,000000,880.0000000
QIWI,D,20161124,000000,880.0000000
QIWI,D,20161125,000000,870.0000000
QIWI,D,20161128,000000,870.0000000
QIWI,D,20161129,000000,894.0000000
QIWI,D,20161130,000000,878.0000000
QIWI,D,20161201,000000,829.0000000
QIWI,D,20161202,000000,828.0000000
QIWI,D,20161205,000000,811.0000000
QIWI,D,20161206,000000,806.0000000
QIWI,D,20161207,000000,801.0000000
QIWI,D,20161208,000000,799.0000000
QIWI,D,20161209,000000,791.0000000
QIWI,D,20161212,000000,780.0000000
QIWI,D,20161213,000000,783.0000000
QIWI,D,20161214,000000,789.0000000
QIWI,D,20161215,000000,782.0000000
QIWI,D,20161216,000000,776.0000000
QIWI,D,20161219,000000,781.0000000
QIWI,D,20161220,000000,785.0000000
QIWI,D,20161221,000000,778.0000000
QIWI,D,20161222,000000,778.0000000
QIWI,D,20161223,000000,778.0000000
QIWI,D,20161226,000000,782.0000000
QIWI,D,20161227,000000,770.0000000
QIWI,D,20161228,000000,774.0000000
QIWI,D,20161229,000000,782.0000000
QIWI,D,20161230,000000,780.0000000
QIWI,D,20170103,000000,782.0000000
QIWI,D,20170104,000000,784.0000000
QIWI,D,20170105,000000,779.0000000
QIWI,D,20170106,000000,775.0000000
QIWI,D,20170109,000000,776.0000000
QIWI,D,20170110,000000,768.0000000
QIWI,D,20170111,000000,753.0000000
QIWI,D,20170112,000000,724.0000000
QIWI,D,20170113,000000,730.0000000
QIWI,D,20170116,000000,741.0000000
QIWI,D,20170117,000000,741.0000000
QIWI,D,20170118,000000,716.0000000
QIWI,D,20170119,000000,714.0000000
QIWI,D,20170120,000000,711.0000000
QIWI,D,20170123,000000,713.0000000
QIWI,D,20170124,000000,712.0000000
QIWI,D,20170125,000000,736.0000000
QIWI,D,20170126,000000,781.0000000
QIWI,D,20170127,000000,799.0000000
QIWI,D,20170130,000000,793.0000000
QIWI,D,20170131,000000,821.0000000
QIWI,D,20170201,000000,820.0000000
QIWI,D,20170202,000000,810.0000000
QIWI,D,20170203,000000,800.0000000
QIWI,D,20170206,000000,800.0000000
QIWI,D,20170207,000000,822.0000000
QIWI,D,20170208,000000,815.0000000
QIWI,D,20170209,000000,819.0000000
QIWI,D,20170210,000000,841.0000000
QIWI,D,20170213,000000,849.0000000
QIWI,D,20170214,000000,842.0000000
QIWI,D,20170215,000000,855.0000000
QIWI,D,20170216,000000,860.0000000
QIWI,D,20170217,000000,875.0000000
QIWI,D,20170220,000000,885.0000000
QIWI,D,20170221,000000,895.0000000
QIWI,D,20170222,000000,907.0000000
QIWI,D,20170224,000000,844.0000000
QIWI,D,20170227,000000,822.0000000
QIWI,D,20170228,000000,819.0000000
QIWI,D,20170301,000000,822.0000000
QIWI,D,20170302,000000,832.0000000
QIWI,D,20170303,000000,836.0000000
QIWI,D,20170306,000000,839.0000000
QIWI,D,20170307,000000,861.0000000
QIWI,D,20170309,000000,881.0000000
QIWI,D,20170310,000000,918.0000000
QIWI,D,20170313,000000,909.0000000
QIWI,D,20170314,000000,935.0000000
QIWI,D,20170315,000000,972.0000000
QIWI,D,20170316,000000,965.0000000
QIWI,D,20170317,000000,940.0000000
QIWI,D,20170320,000000,971.0000000
QIWI,D,20170321,000000,974.0000000
QIWI,D,20170322,000000,939.0000000
QIWI,D,20170323,000000,970.0000000
QIWI,D,20170324,000000,958.0000000
QIWI,D,20170327,000000,926.0000000
QIWI,D,20170328,000000,950.0000000
QIWI,D,20170329,000000,946.0000000
QIWI,D,20170330,000000,927.0000000
QIWI,D,20170331,000000,956.0000000
QIWI,D,20170403,000000,951.0000000
QIWI,D,20170404,000000,958.0000000
QIWI,D,20170405,000000,962.0000000
QIWI,D,20170406,000000,970.0000000
QIWI,D,20170407,000000,947.0000000
QIWI,D,20170410,000000,975.0000000
QIWI,D,20170411,000000,976.0000000
QIWI,D,20170412,000000,962.0000000
QIWI,D,20170413,000000,955.0000000
QIWI,D,20170414,000000,942.0000000
QIWI,D,20170417,000000,938.0000000
QIWI,D,20170418,000000,941.0000000
QIWI,D,20170419,000000,959.0000000
QIWI,D,20170420,000000,994.0000000
QIWI,D,20170421,000000,986.0000000
QIWI,D,20170424,000000,996.0000000
QIWI,D,20170425,000000,1000.0000000
QIWI,D,20170426,000000,1023.0000000
QIWI,D,20170427,000000,1047.0000000
QIWI,D,20170428,000000,1090.0000000
QIWI,D,20170502,000000,1093.0000000
QIWI,D,20170503,000000,1120.0000000
QIWI,D,20170504,000000,1159.0000000
QIWI,D,20170505,000000,1122.0000000
QIWI,D,20170510,000000,1149.0000000
QIWI,D,20170511,000000,1131.0000000
QIWI,D,20170512,000000,1129.0000000
QIWI,D,20170515,000000,1102.0000000
QIWI,D,20170516,000000,1115.0000000
QIWI,D,20170517,000000,1220.0000000
QIWI,D,20170518,000000,1250.0000000
QIWI,D,20170519,000000,1265.0000000
QIWI,D,20170522,000000,1230.0000000
QIWI,D,20170523,000000,1294.0000000
QIWI,D,20170524,000000,1266.0000000
QIWI,D,20170525,000000,1291.0000000
QIWI,D,20170526,000000,1301.0000000
QIWI,D,20170529,000000,1316.0000000
QIWI,D,20170530,000000,1357.0000000
QIWI,D,20170531,000000,1297.0000000
QIWI,D,20170601,000000,1325.0000000
QIWI,D,20170602,000000,1303.0000000
QIWI,D,20170605,000000,1310.0000000
QIWI,D,20170606,000000,1301.0000000
QIWI,D,20170607,000000,1327.0000000
QIWI,D,20170608,000000,1315.0000000
QIWI,D,20170609,000000,1365.0000000
QIWI,D,20170613,000000,1370.0000000
QIWI,D,20170614,000000,1410.0000000
QIWI,D,20170615,000000,1429.0000000
QIWI,D,20170616,000000,1443.0000000
QIWI,D,20170619,000000,1440.0000000
QIWI,D,20170620,000000,1450.0000000
QIWI,D,20170621,000000,1462.0000000
QIWI,D,20170622,000000,1445.0000000
QIWI,D,20170623,000000,1439.0000000
QIWI,D,20170626,000000,1436.0000000
QIWI,D,20170627,000000,1420.0000000
QIWI,D,20170628,000000,1452.0000000
QIWI,D,20170629,000000,1425.0000000
QIWI,D,20170630,000000,1446.0000000
QIWI,D,20170703,000000,1495.0000000
QIWI,D,20170704,000000,1492.0000000
QIWI,D,20170705,000000,1470.0000000
QIWI,D,20170706,000000,1439.0000000
QIWI,D,20170707,000000,1441.0000000
QIWI,D,20170710,000000,1400.0000000
QIWI,D,20170711,000000,1399.0000000
QIWI,D,20170712,000000,1433.0000000
QIWI,D,20170713,000000,1385.0000000
QIWI,D,20170714,000000,1360.0000000
QIWI,D,20170717,000000,1350.0000000
QIWI,D,20170718,000000,1265.0000000
QIWI,D,20170719,000000,1223.0000000
QIWI,D,20170720,000000,1201.0000000
QIWI,D,20170721,000000,1193.0000000
QIWI,D,20170724,000000,1223.0000000
QIWI,D,20170725,000000,1220.0000000
QIWI,D,20170726,000000,1165.0000000
QIWI,D,20170727,000000,1146.0000000
QIWI,D,20170728,000000,1076.0000000
QIWI,D,20170731,000000,1089.0000000
QIWI,D,20170801,000000,1150.0000000
QIWI,D,20170802,000000,1136.0000000
QIWI,D,20170803,000000,1112.0000000
QIWI,D,20170804,000000,1151.0000000
QIWI,D,20170807,000000,1190.0000000
QIWI,D,20170808,000000,1204.0000000
QIWI,D,20170809,000000,1193.0000000
QIWI,D,20170810,000000,1134.0000000
QIWI,D,20170811,000000,1085.0000000
QIWI,D,20170814,000000,1086.0000000
QIWI,D,20170815,000000,1080.0000000
QIWI,D,20170816,000000,1059.0000000
QIWI,D,20170817,000000,1043.0000000
QIWI,D,20170818,000000,1048.0000000
QIWI,D,20170821,000000,1038.0000000
QIWI,D,20170822,000000,1045.0000000
QIWI,D,20170823,000000,1040.0000000
QIWI,D,20170824,000000,1040.0000000
QIWI,D,20170825,000000,970.0000000
QIWI,D,20170828,000000,976.0000000
QIWI,D,20170829,000000,950.0000000
QIWI,D,20170830,000000,933.0000000
QIWI,D,20170831,000000,974.0000000
QIWI,D,20170901,000000,944.0000000
QIWI,D,20170904,000000,959.0000000
QIWI,D,20170905,000000,920.0000000
QIWI,D,20170906,000000,936.0000000
QIWI,D,20170907,000000,963.0000000
QIWI,D,20170908,000000,1000.0000000
QIWI,D,20170911,000000,1035.0000000
QIWI,D,20170912,000000,1040.0000000
QIWI,D,20170913,000000,1046.0000000
QIWI,D,20170914,000000,1020.0000000
QIWI,D,20170915,000000,991.0000000
QIWI,D,20170918,000000,1008.0000000
QIWI,D,20170919,000000,1039.0000000
QIWI,D,20170920,000000,1031.0000000
QIWI,D,20170921,000000,1007.0000000
QIWI,D,20170922,000000,1035.0000000
QIWI,D,20170925,000000,990.0000000
QIWI,D,20170926,000000,960.0000000
QIWI,D,20170927,000000,946.0000000
QIWI,D,20170928,000000,957.0000000
QIWI,D,20170929,000000,970.0000000
QIWI,D,20171002,000000,946.0000000
QIWI,D,20171003,000000,946.0000000
QIWI,D,20171004,000000,938.0000000
QIWI,D,20171005,000000,948.0000000
QIWI,D,20171006,000000,952.0000000
QIWI,D,20171009,000000,976.0000000
QIWI,D,20171010,000000,990.0000000
QIWI,D,20171011,000000,1005.0000000
QIWI,D,20171012,000000,1013.0000000
QIWI,D,20171013,000000,999.0000000
QIWI,D,20171016,000000,999.0000000
QIWI,D,20171017,000000,978.0000000
QIWI,D,20171018,000000,985.0000000
QIWI,D,20171019,000000,970.0000000
QIWI,D,20171020,000000,974.0000000
QIWI,D,20171023,000000,981.0000000
QIWI,D,20171024,000000,980.0000000
QIWI,D,20171025,000000,992.0000000
QIWI,D,20171026,000000,987.0000000
QIWI,D,20171027,000000,989.0000000
QIWI,D,20171030,000000,990.0000000
QIWI,D,20171031,000000,991.0000000
QIWI,D,20171101,000000,1011.0000000
QIWI,D,20171102,000000,999.0000000
QIWI,D,20171103,000000,990.0000000
QIWI,D,20171107,000000,998.0000000
QIWI,D,20171108,000000,995.0000000
QIWI,D,20171109,000000,991.0000000
QIWI,D,20171110,000000,989.0000000
QIWI,D,20171113,000000,966.0000000
QIWI,D,20171114,000000,1002.0000000
QIWI,D,20171115,000000,998.0000000
QIWI,D,20171116,000000,1016.0000000
QIWI,D,20171117,000000,1005.0000000
QIWI,D,20171120,000000,997.0000000
QIWI,D,20171121,000000,976.0000000
QIWI,D,20171122,000000,935.0000000
QIWI,D,20171123,000000,945.0000000
QIWI,D,20171124,000000,945.0000000
QIWI,D,20171127,000000,941.0000000
QIWI,D,20171128,000000,938.0000000
QIWI,D,20171129,000000,931.0000000
QIWI,D,20171130,000000,916.0000000
QIWI,D,20171201,000000,873.0000000
QIWI,D,20171204,000000,816.0000000
QIWI,D,20171205,000000,818.0000000
QIWI,D,20171206,000000,818.0000000
QIWI,D,20171207,000000,838.0000000
QIWI,D,20171208,000000,839.0000000
QIWI,D,20171211,000000,846.0000000
QIWI,D,20171212,000000,841.0000000
QIWI,D,20171213,000000,827.0000000
QIWI,D,20171214,000000,829.0000000
QIWI,D,20171215,000000,847.0000000
QIWI,D,20171218,000000,845.0000000
QIWI,D,20171219,000000,870.0000000
QIWI,D,20171220,000000,848.0000000
QIWI,D,20171221,000000,889.0000000
QIWI,D,20171222,000000,840.0000000
QIWI,D,20171225,000000,841.0000000
QIWI,D,20171226,000000,828.0000000
QIWI,D,20171227,000000,818.0000000
QIWI,D,20171228,000000,843.0000000
QIWI,D,20171229,000000,910.0000000
QIWI,D,20180103,000000,980.0000000
QIWI,D,20180104,000000,982.0000000
QIWI,D,20180105,000000,969.0000000
QIWI,D,20180109,000000,917.0000000
QIWI,D,20180110,000000,948.0000000
QIWI,D,20180111,000000,952.0000000
QIWI,D,20180112,000000,949.0000000
QIWI,D,20180115,000000,943.0000000
QIWI,D,20180116,000000,930.0000000
QIWI,D,20180117,000000,956.0000000
QIWI,D,20180118,000000,1007.0000000
QIWI,D,20180119,000000,1010.0000000
QIWI,D,20180122,000000,1030.0000000
QIWI,D,20180123,000000,1043.0000000
QIWI,D,20180124,000000,1012.0000000
QIWI,D,20180125,000000,959.0000000
QIWI,D,20180126,000000,975.0000000
QIWI,D,20180129,000000,955.0000000
QIWI,D,20180130,000000,939.0000000
QIWI,D,20180131,000000,955.0000000
QIWI,D,20180201,000000,925.0000000
QIWI,D,20180202,000000,905.0000000
QIWI,D,20180205,000000,894.0000000
QIWI,D,20180206,000000,881.0000000
QIWI,D,20180207,000000,887.0000000
QIWI,D,20180208,000000,903.0000000
QIWI,D,20180209,000000,871.0000000
QIWI,D,20180212,000000,876.0000000
QIWI,D,20180213,000000,903.0000000
QIWI,D,20180214,000000,921.0000000
QIWI,D,20180215,000000,940.0000000
QIWI,D,20180216,000000,926.0000000
QIWI,D,20180219,000000,946.0000000
QIWI,D,20180220,000000,958.0000000
QIWI,D,20180221,000000,970.0000000
QIWI,D,20180222,000000,946.0000000
QIWI,D,20180226,000000,934.0000000
QIWI,D,20180227,000000,950.0000000
QIWI,D,20180228,000000,940.0000000
QIWI,D,20180301,000000,935.0000000
QIWI,D,20180302,000000,914.0000000
QIWI,D,20180305,000000,943.0000000
QIWI,D,20180306,000000,950.0000000
QIWI,D,20180307,000000,954.0000000
QIWI,D,20180309,000000,985.0000000
QIWI,D,20180312,000000,1032.0000000
QIWI,D,20180313,000000,1055.0000000
QIWI,D,20180314,000000,1007.0000000
QIWI,D,20180315,000000,1042.0000000
QIWI,D,20180316,000000,1048.0000000
QIWI,D,20180319,000000,1042.0000000
QIWI,D,20180320,000000,1045.0000000
QIWI,D,20180321,000000,1073.0000000
QIWI,D,20180322,000000,1049.0000000
QIWI,D,20180323,000000,1030.0000000
QIWI,D,20180326,000000,1003.0000000
QIWI,D,20180327,000000,1018.0000000
QIWI,D,20180328,000000,1021.0000000
QIWI,D,20180329,000000,1082.0000000
QIWI,D,20180330,000000,1093.0000000
QIWI,D,20180402,000000,1048.0000000
QIWI,D,20180403,000000,1071.0000000
QIWI,D,20180404,000000,1065.0000000
QIWI,D,20180405,000000,1145.0000000
QIWI,D,20180406,000000,1091.0000000
QIWI,D,20180409,000000,1030.0000000
QIWI,D,20180410,000000,1079.0000000
QIWI,D,20180411,000000,1020.0000000
QIWI,D,20180412,000000,1025.0000000
QIWI,D,20180413,000000,1015.0000000
QIWI,D,20180416,000000,982.0000000
QIWI,D,20180417,000000,1017.0000000
QIWI,D,20180418,000000,1040.0000000
QIWI,D,20180419,000000,1050.0000000
QIWI,D,20180420,000000,1029.0000000
QIWI,D,20180423,000000,1030.0000000
QIWI,D,20180424,000000,1044.0000000
QIWI,D,20180425,000000,1049.0000000
QIWI,D,20180426,000000,1088.0000000
QIWI,D,20180427,000000,1086.0000000
QIWI,D,20180428,000000,1091.0000000
QIWI,D,20180430,000000,1143.0000000
QIWI,D,20180502,000000,1127.0000000
QIWI,D,20180503,000000,1106.0000000
QIWI,D,20180504,000000,1149.0000000
QIWI,D,20180507,000000,1145.0000000
QIWI,D,20180508,000000,1150.0000000
QIWI,D,20180510,000000,1157.0000000
QIWI,D,20180511,000000,1140.0000000
QIWI,D,20180514,000000,1121.0000000
QIWI,D,20180515,000000,1084.0000000
QIWI,D,20180516,000000,1095.0000000
QIWI,D,20180517,000000,1111.0000000
QIWI,D,20180518,000000,1142.0000000
QIWI,D,20180521,000000,1135.0000000
QIWI,D,20180522,000000,1157.0000000
QIWI,D,20180523,000000,1131.0000000
QIWI,D,20180524,000000,1114.0000000
QIWI,D,20180525,000000,1084.0000000
QIWI,D,20180528,000000,1090.0000000
QIWI,D,20180529,000000,1057.0000000
QIWI,D,20180530,000000,1040.0000000
QIWI,D,20180531,000000,1030.0000000
QIWI,D,20180601,000000,1043.0000000
QIWI,D,20180604,000000,1079.0000000
QIWI,D,20180605,000000,1093.0000000
QIWI,D,20180606,000000,1071.0000000
QIWI,D,20180607,000000,1050.0000000
QIWI,D,20180608,000000,1035.0000000
QIWI,D,20180609,000000,1050.0000000
QIWI,D,20180611,000000,1036.0000000
QIWI,D,20180613,000000,1049.0000000
QIWI,D,20180614,000000,1055.0000000
QIWI,D,20180615,000000,1051.0000000
QIWI,D,20180618,000000,1042.0000000
QIWI,D,20180619,000000,1035.0000000
QIWI,D,20180620,000000,1013.0000000
QIWI,D,20180621,000000,999.0000000
QIWI,D,20180622,000000,979.0000000
QIWI,D,20180625,000000,974.0000000
QIWI,D,20180626,000000,969.0000000
QIWI,D,20180627,000000,943.0000000
QIWI,D,20180628,000000,939.0000000
QIWI,D,20180629,000000,974.0000000
QIWI,D,20180702,000000,1014.0000000
QIWI,D,20180703,000000,1028.0000000
QIWI,D,20180704,000000,1015.0000000
QIWI,D,20180705,000000,1043.0000000
QIWI,D,20180706,000000,1048.0000000
QIWI,D,20180709,000000,1031.0000000
QIWI,D,20180710,000000,1030.0000000
QIWI,D,20180711,000000,1008.0000000
QIWI,D,20180712,000000,1022.0000000
QIWI,D,20180713,000000,1019.0000000
QIWI,D,20180716,000000,1031.0000000
QIWI,D,20180717,000000,1007.0000000
QIWI,D,20180718,000000,1015.0000000
QIWI,D,20180719,000000,1015.0000000
QIWI,D,20180720,000000,1005.0000000
QIWI,D,20180723,000000,1019.0000000
QIWI,D,20180724,000000,1026.0000000
QIWI,D,20180725,000000,1028.0000000
QIWI,D,20180726,000000,1027.0000000
QIWI,D,20180727,000000,1008.0000000
QIWI,D,20180730,000000,987.0000000
QIWI,D,20180731,000000,999.0000000
QIWI,D,20180801,000000,993.0000000
QIWI,D,20180802,000000,991.0000000
QIWI,D,20180803,000000,1014.0000000
QIWI,D,20180806,000000,1002.0000000
QIWI,D,20180807,000000,1007.0000000
QIWI,D,20180808,000000,1000.0000000
QIWI,D,20180809,000000,1020.0000000
QIWI,D,20180810,000000,1010.0000000
QIWI,D,20180813,000000,1026.0000000
QIWI,D,20180814,000000,1018.0000000
QIWI,D,20180815,000000,1013.0000000
QIWI,D,20180816,000000,881.0000000
QIWI,D,20180817,000000,924.0000000
QIWI,D,20180820,000000,958.0000000
QIWI,D,20180821,000000,942.0000000
QIWI,D,20180822,000000,930.0000000
QIWI,D,20180823,000000,928.0000000
QIWI,D,20180824,000000,911.0000000
QIWI,D,20180827,000000,919.0000000
QIWI,D,20180828,000000,916.0000000
QIWI,D,20180829,000000,956.0000000
QIWI,D,20180830,000000,955.0000000
QIWI,D,20180831,000000,959.0000000
QIWI,D,20180903,000000,963.0000000
QIWI,D,20180904,000000,958.0000000
QIWI,D,20180905,000000,961.0000000
QIWI,D,20180906,000000,979.0000000
QIWI,D,20180907,000000,969.0000000
QIWI,D,20180910,000000,976.0000000
QIWI,D,20180911,000000,943.0000000
QIWI,D,20180912,000000,910.0000000
QIWI,D,20180913,000000,890.0000000
QIWI,D,20180914,000000,875.0000000
QIWI,D,20180917,000000,888.0000000
QIWI,D,20180918,000000,861.0000000
QIWI,D,20180919,000000,874.0000000
QIWI,D,20180920,000000,872.0000000
QIWI,D,20180921,000000,873.0000000
QIWI,D,20180924,000000,874.0000000
QIWI,D,20180925,000000,886.0000000
QIWI,D,20180926,000000,861.0000000
QIWI,D,20180927,000000,847.0000000
QIWI,D,20180928,000000,862.0000000
QIWI,D,20181001,000000,850.0000000
QIWI,D,20181002,000000,853.0000000
QIWI,D,20181003,000000,860.0000000
QIWI,D,20181004,000000,868.0000000
QIWI,D,20181005,000000,843.0000000
QIWI,D,20181008,000000,832.0000000
QIWI,D,20181009,000000,801.0000000
QIWI,D,20181010,000000,795.0000000
QIWI,D,20181011,000000,812.0000000
QIWI,D,20181012,000000,803.0000000
QIWI,D,20181015,000000,807.0000000
QIWI,D,20181016,000000,800.0000000
QIWI,D,20181017,000000,799.0000000
QIWI,D,20181018,000000,795.0000000
QIWI,D,20181019,000000,830.0000000
QIWI,D,20181022,000000,827.0000000
QIWI,D,20181023,000000,838.0000000
QIWI,D,20181024,000000,835.0000000
QIWI,D,20181025,000000,836.0000000
QIWI,D,20181026,000000,840.0000000
QIWI,D,20181029,000000,855.0000000
QIWI,D,20181030,000000,847.0000000
QIWI,D,20181031,000000,849.0000000
QIWI,D,20181101,000000,878.5000000
QIWI,D,20181102,000000,889.5000000
QIWI,D,20181106,000000,868.0000000
QIWI,D,20181107,000000,869.0000000
QIWI,D,20181108,000000,869.0000000
QIWI,D,20181109,000000,869.5000000
QIWI,D,20181112,000000,860.5000000
QIWI,D,20181113,000000,863.0000000
QIWI,D,20181114,000000,952.0000000
QIWI,D,20181115,000000,935.5000000
QIWI,D,20181116,000000,937.5000000
QIWI,D,20181119,000000,921.5000000
QIWI,D,20181120,000000,920.0000000
QIWI,D,20181121,000000,950.5000000
QIWI,D,20181122,000000,954.0000000
QIWI,D,20181123,000000,949.0000000
QIWI,D,20181126,000000,990.0000000
QIWI,D,20181127,000000,991.5000000
QIWI,D,20181128,000000,973.5000000
QIWI,D,20181129,000000,980.0000000
QIWI,D,20181130,000000,997.0000000
QIWI,D,20181203,000000,1003.5000000
QIWI,D,20181204,000000,1000.0000000
QIWI,D,20181205,000000,975.5000000
QIWI,D,20181206,000000,960.0000000
QIWI,D,20181207,000000,978.5000000
QIWI,D,20181210,000000,960.0000000
QIWI,D,20181211,000000,974.0000000
QIWI,D,20181212,000000,973.0000000
QIWI,D,20181213,000000,980.0000000
QIWI,D,20181214,000000,974.5000000
QIWI,D,20181217,000000,975.0000000
QIWI,D,20181218,000000,963.5000000
QIWI,D,20181219,000000,981.5000000
QIWI,D,20181220,000000,969.5000000
QIWI,D,20181221,000000,943.5000000
QIWI,D,20181224,000000,897.0000000
QIWI,D,20181225,000000,889.0000000
QIWI,D,20181226,000000,915.0000000
QIWI,D,20181227,000000,945.0000000
QIWI,D,20181228,000000,942.0000000
QIWI,D,20181229,000000,943.0000000
QIWI,D,20190103,000000,948.0000000
QIWI,D,20190104,000000,950.0000000
QIWI,D,20190108,000000,967.5000000
QIWI,D,20190109,000000,958.0000000
QIWI,D,20190110,000000,968.5000000
QIWI,D,20190111,000000,955.0000000
QIWI,D,20190114,000000,950.5000000
QIWI,D,20190115,000000,962.5000000
QIWI,D,20190116,000000,982.5000000
QIWI,D,20190117,000000,969.5000000
QIWI,D,20190118,000000,957.5000000
QIWI,D,20190121,000000,959.5000000
QIWI,D,20190122,000000,972.0000000
QIWI,D,20190123,000000,988.0000000
QIWI,D,20190124,000000,990.0000000
QIWI,D,20190125,000000,996.0000000
QIWI,D,20190128,000000,1027.5000000
QIWI,D,20190129,000000,1018.5000000
QIWI,D,20190130,000000,1026.0000000
QIWI,D,20190131,000000,1029.0000000
QIWI,D,20190201,000000,1059.0000000
QIWI,D,20190204,000000,1069.5000000
QIWI,D,20190205,000000,1054.5000000
QIWI,D,20190206,000000,1052.0000000
QIWI,D,20190207,000000,1036.5000000
QIWI,D,20190208,000000,1040.0000000
QIWI,D,20190211,000000,1053.0000000
QIWI,D,20190212,000000,1058.5000000
QIWI,D,20190213,000000,1005.0000000
QIWI,D,20190214,000000,981.0000000
QIWI,D,20190215,000000,988.0000000
QIWI,D,20190218,000000,967.5000000
QIWI,D,20190219,000000,936.5000000
QIWI,D,20190220,000000,957.5000000
QIWI,D,20190221,000000,955.5000000
QIWI,D,20190222,000000,936.5000000
QIWI,D,20190225,000000,926.5000000
QIWI,D,20190226,000000,939.5000000
QIWI,D,20190227,000000,921.0000000
QIWI,D,20190228,000000,902.0000000
QIWI,D,20190301,000000,943.0000000
QIWI,D,20190304,000000,918.5000000
QIWI,D,20190305,000000,914.5000000
QIWI,D,20190306,000000,911.5000000
QIWI,D,20190307,000000,904.5000000
QIWI,D,20190311,000000,909.0000000
QIWI,D,20190312,000000,903.0000000
QIWI,D,20190313,000000,905.5000000
QIWI,D,20190314,000000,921.0000000
QIWI,D,20190315,000000,933.0000000
QIWI,D,20190318,000000,932.0000000
QIWI,D,20190319,000000,939.0000000
QIWI,D,20190320,000000,935.0000000
QIWI,D,20190321,000000,925.0000000
QIWI,D,20190322,000000,931.0000000
QIWI,D,20190325,000000,923.0000000
QIWI,D,20190326,000000,944.5000000
QIWI,D,20190327,000000,966.5000000
QIWI,D,20190328,000000,930.0000000
QIWI,D,20190329,000000,942.5000000
QIWI,D,20190401,000000,946.0000000
QIWI,D,20190402,000000,952.0000000
QIWI,D,20190403,000000,948.5000000
QIWI,D,20190404,000000,936.0000000
QIWI,D,20190405,000000,932.5000000
QIWI,D,20190408,000000,931.5000000
QIWI,D,20190409,000000,918.0000000
QIWI,D,20190410,000000,909.5000000
QIWI,D,20190411,000000,903.0000000
QIWI,D,20190412,000000,905.5000000
QIWI,D,20190415,000000,929.0000000
QIWI,D,20190416,000000,940.0000000
QIWI,D,20190417,000000,931.0000000
QIWI,D,20190418,000000,909.0000000
QIWI,D,20190419,000000,918.0000000
QIWI,D,20190422,000000,912.5000000
QIWI,D,20190423,000000,914.0000000
QIWI,D,20190424,000000,909.0000000
QIWI,D,20190425,000000,906.5000000
QIWI,D,20190426,000000,905.0000000
QIWI,D,20190429,000000,896.0000000
QIWI,D,20190430,000000,900.0000000
QIWI,D,20190502,000000,900.5000000
QIWI,D,20190503,000000,902.0000000
QIWI,D,20190506,000000,900.0000000
QIWI,D,20190507,000000,899.0000000
QIWI,D,20190508,000000,897.0000000
QIWI,D,20190510,000000,877.5000000
QIWI,D,20190513,000000,860.5000000
QIWI,D,20190514,000000,860.5000000
QIWI,D,20190515,000000,899.5000000
QIWI,D,20190516,000000,965.5000000
QIWI,D,20190517,000000,1003.0000000
QIWI,D,20190520,000000,1047.0000000
QIWI,D,20190521,000000,1076.5000000
QIWI,D,20190522,000000,1095.0000000
QIWI,D,20190523,000000,1057.5000000
QIWI,D,20190524,000000,1061.0000000
QIWI,D,20190527,000000,1046.0000000
QIWI,D,20190528,000000,1066.5000000
QIWI,D,20190529,000000,1079.0000000
QIWI,D,20190530,000000,1100.5000000
QIWI,D,20190531,000000,1082.0000000
QIWI,D,20190603,000000,1099.0000000
QIWI,D,20190604,000000,1119.5000000
QIWI,D,20190605,000000,1125.0000000
QIWI,D,20190606,000000,1131.0000000
QIWI,D,20190607,000000,1138.5000000
QIWI,D,20190610,000000,1200.0000000
QIWI,D,20190611,000000,1221.5000000
QIWI,D,20190613,000000,1224.5000000
